Workbook

Sheet Movimientos
A1: ID_Mov | B1: Fecha | C1: Producto | D1: Principio Activo/variedad | E1: Tipo | F1: Subtipo | G1: Proveedor | H1: ID_Lote | I1: Tipo_Mov | J1: Cantidad (siempre +) | K1: Cantidad Neta (auto) | L1: Unidad | M1: Fecha Vencimiento | N1: Nro_Remito | O1: Destino / Origen | P1: Nro. Int Finnegans | Q1: Fecha Recep/Mov Finnegans | R1: Columna1 | S1: Columna2 | T1: Lote | U1: Ubicación | V1: Retira
A2: MOV-001 | B2: 46105 | C2: Colza Curry CL | D2: CURRY CL | E2: Semilla | F2: Colza | G2: ERRO | H2: =+T2 -> 260324-001 | I2: ENTRADA | J2: 3400 | K2: =IF(I2="","",IF(I2="ENTRADA",ABS(J2),-ABS(J2))) -> 3400 | L2: kg | N2: 47144 | P2: 14229 | Q2: 46106 | R2: =IF(H2="","",H2&I2) -> 260324-001ENTRADA | S2: =IF(C2="","",C2&I2) -> Colza Curry CLENTRADA | T2: =IF(OR(C2="",I2<>"ENTRADA"),"",TEXT(B2,"AAMMDD")&"-"&TEXT(VALUE(SUBSTITUTE(A2,"MOV-","")),"000")) -> 260324-001 | U2: AP1-2-3
A3: MOV-002 | B3: 46113 | C3: Korvetto | D3: Clopyralid 12% + Halauxyfen methyl 0,51% | E3: Herbicida | F3: Postemergente | G3: GS Agro | H3: =+T3 -> 260401-002 | I3: ENTRADA | J3: 700 | K3: =IF(I3="","",IF(I3="ENTRADA",ABS(J3),-ABS(J3))) -> 700 | L3: L | M3: 46710 | N3: 12383 | P3: 14327 | Q3: 46123 | R3: =IF(H3="","",H3&I3) -> 260401-002ENTRADA | S3: =IF(C3="","",C3&I3) -> KorvettoENTRADA | T3: =IF(OR(C3="",I3<>"ENTRADA"),"",TEXT(B3,"AAMMDD")&"-"&TEXT(VALUE(SUBSTITUTE(A3,"MOV-","")),"000")) -> 260401-002 | U3: AP1
A4: MOV-003 | B4: 46113 | C4: Lontrel | D4: Clopyralid sal monoetanolamina 40.9% | E4: Herbicida | F4: Postemergente | G4: GS Agro | H4: =+T4 -> 260401-003 | I4: ENTRADA | J4: 300 | K4: =IF(I4="","",IF(I4="ENTRADA",ABS(J4),-ABS(J4))) -> 300 | L4: L | M4: 46500 | N4: 12383 | P4: 14327 | Q4: 46123 | R4: =IF(H4="","",H4&I4) -> 260401-003ENTRADA | S4: =IF(C4="","",C4&I4) -> LontrelENTRADA | T4: =IF(OR(C4="",I4<>"ENTRADA"),"",TEXT(B4,"AAMMDD")&"-"&TEXT(VALUE(SUBSTITUTE(A4,"MOV-","")),"000")) -> 260401-003 | U4: A8-N1
A5: MOV-004 | B5: 46113 | C5: Preside | D5: Flumetsulam 11,35% | E5: Herbicida | F5: Preemergente | G5: GS Agro | H5: =+T5 -> 260401-004 | I5: ENTRADA | J5: 2700 | K5: 2700 | L5: L | M5: 46528 | N5: 12383 | P5: 14327 | Q5: 46123 | R5: =IF(H5="","",H5&I5) -> 260401-004ENTRADA | S5: =IF(C5="","",C5&I5) -> PresideENTRADA | T5: =IF(OR(C5="",I5<>"ENTRADA"),"",TEXT(B5,"AAMMDD")&"-"&TEXT(VALUE(SUBSTITUTE(A5,"MOV-","")),"000")) -> 260401-004 | U5: A6 N2-3
A6: MOV-005 | B6: 46113 | C6: Preside | D6: Flumetsulam 11,35% | E6: Herbicida | F6: Preemergente | G6: GS Agro | H6: =+T6 -> 260401-005 | I6: ENTRADA | J6: 100 | K6: =IF(I6="","",IF(I6="ENTRADA",ABS(J6),-ABS(J6))) -> 100 | L6: L | M6: 46761 | N6: 12383 | P6: 14327 | Q6: 46123 | R6: =IF(H6="","",H6&I6) -> 260401-005ENTRADA | S6: =IF(C6="","",C6&I6) -> PresideENTRADA | T6: =IF(OR(C6="",I6<>"ENTRADA"),"",TEXT(B6,"AAMMDD")&"-"&TEXT(VALUE(SUBSTITUTE(A6,"MOV-","")),"000")) -> 260401-005 | U6: A6 N2-3
A7: MOV-006 | B7: 46113 | C7: Tordon 24K | D7: Picloram 24,9% | E7: Herbicida | F7: Postemergente | G7: GS Agro | H7: =+T7 -> 260401-006 | I7: ENTRADA | J7: 300 | K7: =IF(I7="","",IF(I7="ENTRADA",ABS(J7),-ABS(J7))) -> 300 | L7: L | M7: 46517 | N7: 12383 | P7: 14327 | Q7: 46123 | R7: =IF(H7="","",H7&I7) -> 260401-006ENTRADA | S7: =IF(C7="","",C7&I7) -> Tordon 24KENTRADA | T7: =IF(OR(C7="",I7<>"ENTRADA"),"",TEXT(B7,"AAMMDD")&"-"&TEXT(VALUE(SUBSTITUTE(A7,"MOV-","")),"000")) -> 260401-006 | U7: A1 P1
A8: MOV-007 | B8: 46113 | C8: Tronador | D8: Halauxifen metil 3.3% + Aminopyralid 2.7% + Metsulfuron metil 20% | E8: Herbicida | F8: Postemergente | G8: GS Agro | H8: =+T8 -> 260401-007 | I8: ENTRADA | J8: 300 | K8: =IF(I8="","",IF(I8="ENTRADA",ABS(J8),-ABS(J8))) -> 300 | L8: Pack | M8: 46443 | N8: 12383 | P8: 14327 | Q8: 46123 | R8: =IF(H8="","",H8&I8) -> 260401-007ENTRADA | S8: =IF(C8="","",C8&I8) -> TronadorENTRADA | T8: =IF(OR(C8="",I8<>"ENTRADA"),"",TEXT(B8,"AAMMDD")&"-"&TEXT(VALUE(SUBSTITUTE(A8,"MOV-","")),"000")) -> 260401-007 | U8: A7 N1-2
A9: MOV-008 | B9: 46113 | C9: Venceweed extra | D9: 2,4-Db-Butilo 93.1% | E9: Herbicida | F9: Postemergente | G9: GS Agro | H9: =+T9 -> 260401-008 | I9: ENTRADA | J9: 4800 | K9: =IF(I9="","",IF(I9="ENTRADA",ABS(J9),-ABS(J9))) -> 4800 | L9: L | M9: 46737 | N9: 12383 | P9: 14327 | Q9: 46123 | R9: =IF(H9="","",H9&I9) -> 260401-008ENTRADA | S9: =IF(C9="","",C9&I9) -> Venceweed extraENTRADA | T9: =IF(OR(C9="",I9<>"ENTRADA"),"",TEXT(B9,"AAMMDD")&"-"&TEXT(VALUE(SUBSTITUTE(A9,"MOV-","")),"000")) -> 260401-008 | U9: A1-2N1-2
A10: MOV-009 | B10: 46113 | C10: Preside | D10: Flumetsulam 11.35% | E10: Herbicida | F10: Preemergente | G10: GS Agro | H10: 260401-004 | I10: SALIDA | J10: 100 | K10: =IF(I10="","",IF(I10="ENTRADA",ABS(J10),-ABS(J10))) -> -100 | L10: L | N10: 59309 | O10: Salto | P10: 1624 | Q10: 46123 | R10: =IF(H10="","",H10&I10) -> 260401-004SALIDA | S10: =IF(C10="","",C10&I10) -> PresideSALIDA | T10: =IF(OR(C10="",I10<>"ENTRADA"),"",TEXT(B10,"AAMMDD")&"-"&TEXT(VALUE(SUBSTITUTE(A10,"MOV-","")),"000"))
A11: MOV-010 | B11: 46113 | C11: Venceweed extra | D11: 2,4-Db-Butilo 93.1% | E11: Herbicida | F11: Postemergente | H11: 260401-008 | I11: SALIDA | J11: 360 | K11: =IF(I11="","",IF(I11="ENTRADA",ABS(J11),-ABS(J11))) -> -360 | L11: L | N11: 59309 | O11: Salto | P11: 1624 | Q11: 46123 | R11: =IF(H11="","",H11&I11) -> 260401-008SALIDA | S11: =IF(C11="","",C11&I11) -> Venceweed extraSALIDA | T11: =IF(OR(C11="",I11<>"ENTRADA"),"",TEXT(B11,"AAMMDD")&"-"&TEXT(VALUE(SUBSTITUTE(A11,"MOV-","")),"000"))
A12: MOV-011 | B12: 46118 | C12: Silobolsa | D12: Silobolsa 9 pies | E12: Silobolsa | G12: AYP Agrogestiones | H12: =+T12 -> 260406-011 | I12: ENTRADA | J12: 3 | K12: =IF(I12="","",IF(I12="ENTRADA",ABS(J12),-ABS(J12))) -> 3 | L12: unidad | N12: 3141 | P12: 14311 | Q12: 46122 | R12: =IF(H12="","",H12&I12) -> 260406-011ENTRADA | S12: =IF(C12="","",C12&I12) -> SilobolsaENTRADA | T12: =IF(OR(C12="",I12<>"ENTRADA"),"",TEXT(B12,"AAMMDD")&"-"&TEXT(VALUE(SUBSTITUTE(A12,"MOV-","")),"000")) -> 260406-011
A13: MOV-012 | B13: 46119 | C13: Dedalo elite | D13: 2,4 D Acido 27.2% | E13: Herbicida | F13: Postemergente | G13: Agromil | H13: =+T13 -> 260407-012 | I13: ENTRADA | J13: 12500 | K13: =IF(I13="","",IF(I13="ENTRADA",ABS(J13),-ABS(J13))) -> 12500 | L13: L | M13: 46725 | N13: 69750 | P13: 14291 | Q13: 46119 | R13: =IF(H13="","",H13&I13) -> 260407-012ENTRADA | S13: =IF(C13="","",C13&I13) -> Dedalo eliteENTRADA | T13: =IF(OR(C13="",I13<>"ENTRADA"),"",TEXT(B13,"AAMMDD")&"-"&TEXT(VALUE(SUBSTITUTE(A13,"MOV-","")),"000")) -> 260407-012 | U13: B1-2-3-4N1-2
A14: MOV-013 | B14: 46120 | C14: Raigrás E284 | D14: Estanzuela 284 | E14: Semilla | F14: Raigrás | G14: Granicor | H14: =+T14 -> 260408-013 | I14: ENTRADA | J14: 14000 | K14: =IF(I14="","",IF(I14="ENTRADA",ABS(J14),-ABS(J14))) -> 14000 | L14: kg | N14: 42865 | P14: 14310 | Q14: 46122 | R14: =IF(H14="","",H14&I14) -> 260408-013ENTRADA | S14: =IF(C14="","",C14&I14) -> Raigrás E284ENTRADA | T14: =IF(OR(C14="",I14<>"ENTRADA"),"",TEXT(B14,"AAMMDD")&"-"&TEXT(VALUE(SUBSTITUTE(A14,"MOV-","")),"000")) -> 260408-013 | U14: piso
A15: MOV-014 | B15: 46120 | C15: Starane Xtra | D15: Fluroxypyr Meptil 45,52% | E15: Herbicida | F15: Postemergente | G15: GS Agro | H15: =+T15 -> 260408-014 | I15: ENTRADA | J15: 1140 | K15: =IF(I15="","",IF(I15="ENTRADA",ABS(J15),-ABS(J15))) -> 1140 | L15: L | M15: 46509 | N15: 12416 | P15: 14326 | Q15: 46123 | R15: =IF(H15="","",H15&I15) -> 260408-014ENTRADA | S15: =IF(C15="","",C15&I15) -> Starane XtraENTRADA | T15: =IF(OR(C15="",I15<>"ENTRADA"),"",TEXT(B15,"AAMMDD")&"-"&TEXT(VALUE(SUBSTITUTE(A15,"MOV-","")),"000")) -> 260408-014 | U15: A-7 N-2
A16: MOV-015 | B16: 46120 | C16: Pixxaro | D16: Fluroxypyr meptyl 34,91% + Halauxyfen methyl 1.64% + Cloquintocet mexyl 1.57% | E16: Herbicida | F16: Postemergente | G16: GS Agro | H16: =+T16 -> 260408-015 | I16: ENTRADA | J16: 500 | K16: =IF(I16="","",IF(I16="ENTRADA",ABS(J16),-ABS(J16))) -> 500 | L16: L | M16: 46397 | N16: 12416 | P16: 14326 | Q16: 46123 | R16: =IF(H16="","",H16&I16) -> 260408-015ENTRADA | S16: =IF(C16="","",C16&I16) -> PixxaroENTRADA | T16: =IF(OR(C16="",I16<>"ENTRADA"),"",TEXT(B16,"AAMMDD")&"-"&TEXT(VALUE(SUBSTITUTE(A16,"MOV-","")),"000")) -> 260408-015 | U16: A-9N-1
A17: MOV-016 | B17: 46120 | C17: Dedalo elite | D17: 2,4 D Acido 27.2% | E17: Herbicida | F17: Postemergente | G17: Agromil | H17: 260407-012 | I17: SALIDA | J17: 600 | K17: =IF(I17="","",IF(I17="ENTRADA",ABS(J17),-ABS(J17))) -> -600 | L17: L | N17: 59310 | O17: Durazno | P17: 1625 | Q17: 46123 | R17: =IF(H17="","",H17&I17) -> 260407-012SALIDA | S17: =IF(C17="","",C17&I17) -> Dedalo eliteSALIDA | T17: =IF(OR(C17="",I17<>"ENTRADA"),"",TEXT(B17,"AAMMDD")&"-"&TEXT(VALUE(SUBSTITUTE(A17,"MOV-","")),"000"))
A18: MOV-017 | B18: 46120 | C18: Tronador | D18: Halauxifen metil 3.3% + Aminopyralid 2.7% + Metsulfuron metil 20% | E18: Herbicida | F18: Postemergente | H18: 260401-007 | I18: SALIDA | J18: 15 | K18: =IF(I18="","",IF(I18="ENTRADA",ABS(J18),-ABS(J18))) -> -15 | L18: Pack | N18: 59310 | O18: Durazno | P18: 1625 | Q18: 46123 | R18: =IF(H18="","",H18&I18) -> 260401-007SALIDA | S18: =IF(C18="","",C18&I18) -> TronadorSALIDA | T18: =IF(OR(C18="",I18<>"ENTRADA"),"",TEXT(B18,"AAMMDD")&"-"&TEXT(VALUE(SUBSTITUTE(A18,"MOV-","")),"000"))
A19: MOV-018 | B19: 46120 | C19: Preside | D19: Flumetsulam 11.35% | E19: Herbicida | F19: Preemergente | G19: GS Agro | H19: 260401-004 | I19: SALIDA | J19: 560 | K19: =IF(I19="","",IF(I19="ENTRADA",ABS(J19),-ABS(J19))) -> -560 | L19: L | N19: 59310 | O19: Durazno | P19: 1625 | Q19: 46123 | R19: =IF(H19="","",H19&I19) -> 260401-004SALIDA | S19: =IF(C19="","",C19&I19) -> PresideSALIDA | T19: =IF(OR(C19="",I19<>"ENTRADA"),"",TEXT(B19,"AAMMDD")&"-"&TEXT(VALUE(SUBSTITUTE(A19,"MOV-","")),"000"))
A20: MOV-019 | B20: 46120 | C20: Starane Xtra | D20: Fluroxypyr Meptil 45,52% | E20: Herbicida | F20: Postemergente | G20: GS Agro | H20: 260408-014 | I20: SALIDA | J20: 600 | K20: =IF(I20="","",IF(I20="ENTRADA",ABS(J20),-ABS(J20))) -> -600 | L20: L | N20: 59310 | O20: Durazno | P20: 1625 | Q20: 46123 | R20: =IF(H20="","",H20&I20) -> 260408-014SALIDA | S20: =IF(C20="","",C20&I20) -> Starane XtraSALIDA | T20: =IF(OR(C20="",I20<>"ENTRADA"),"",TEXT(B20,"AAMMDD")&"-"&TEXT(VALUE(SUBSTITUTE(A20,"MOV-","")),"000"))
A21: MOV-020 | B21: 46120 | C21: Venceweed extra | D21: 2,4-Db-Butilo 93.1% | E21: Herbicida | F21: Postemergente | H21: 260401-008 | I21: SALIDA | J21: 2100 | K21: =IF(I21="","",IF(I21="ENTRADA",ABS(J21),-ABS(J21))) -> -2100 | L21: L | N21: 59310 | O21: Durazno | P21: 1625 | Q21: 46123 | R21: =IF(H21="","",H21&I21) -> 260401-008SALIDA | S21: =IF(C21="","",C21&I21) -> Venceweed extraSALIDA | T21: =IF(OR(C21="",I21<>"ENTRADA"),"",TEXT(B21,"AAMMDD")&"-"&TEXT(VALUE(SUBSTITUTE(A21,"MOV-","")),"000"))
A22: MOV-021 | B22: 46120 | C22: Pixxaro | D22: Fluroxypyr meptyl 34,91% + Halauxyfen methyl 1.64% + Cloquintocet mexyl 1.57% | E22: Herbicida | F22: Postemergente | G22: GS Agro | H22: 260408-015 | I22: SALIDA | J22: 300 | K22: =IF(I22="","",IF(I22="ENTRADA",ABS(J22),-ABS(J22))) -> -300 | L22: L | N22: 59310 | O22: Durazno | P22: 1625 | Q22: 46123 | R22: =IF(H22="","",H22&I22) -> 260408-015SALIDA | S22: =IF(C22="","",C22&I22) -> PixxaroSALIDA | T22: =IF(OR(C22="",I22<>"ENTRADA"),"",TEXT(B22,"AAMMDD")&"-"&TEXT(VALUE(SUBSTITUTE(A22,"MOV-","")),"000"))
A23: MOV-022 | B23: 46120 | C23: Korvetto | D23: Clopyralid 12% + Halauxyfen methyl 0.51% | E23: Herbicida | F23: Postemergente | H23: 260401-002 | I23: SALIDA | J23: 200 | K23: =IF(I23="","",IF(I23="ENTRADA",ABS(J23),-ABS(J23))) -> -200 | L23: L | N23: 59310 | O23: Durazno | P23: 1625 | Q23: 46123 | R23: =IF(H23="","",H23&I23) -> 260401-002SALIDA | S23: =IF(C23="","",C23&I23) -> KorvettoSALIDA | T23: =IF(OR(C23="",I23<>"ENTRADA"),"",TEXT(B23,"AAMMDD")&"-"&TEXT(VALUE(SUBSTITUTE(A23,"MOV-","")),"000"))
A24: MOV-023 | B24: 46122 | C24: Colza Hyola 575 CL | D24: HYOLA 575 CL | E24: Semilla | F24: Colza | G24: ERRO | H24: =+T24 -> 260410-023 | I24: ENTRADA | J24: 2860 | K24: =IF(I24="","",IF(I24="ENTRADA",ABS(J24),-ABS(J24))) -> 2860 | L24: kg | N24: 47418 | P24: 14331 | Q24: 13/0472026 | R24: =IF(H24="","",H24&I24) -> 260410-023ENTRADA | S24: =IF(C24="","",C24&I24) -> Colza Hyola 575 CLENTRADA | T24: =IF(OR(C24="",I24<>"ENTRADA"),"",TEXT(B24,"AAMMDD")&"-"&TEXT(VALUE(SUBSTITUTE(A24,"MOV-","")),"000")) -> 260410-023
A25: MOV-024 | B25: 46122 | C25: Colza Apolo CL | D25: APOLO CL | E25: Semilla | F25: Colza | G25: ERRO | H25: =+T25 -> 260410-024 | I25: ENTRADA | J25: 200 | K25: =IF(I25="","",IF(I25="ENTRADA",ABS(J25),-ABS(J25))) -> 200 | L25: kg | N25: 47413 | P25: 14330 | Q25: 46125 | R25: =IF(H25="","",H25&I25) -> 260410-024ENTRADA | S25: =IF(C25="","",C25&I25) -> Colza Apolo CLENTRADA | T25: =IF(OR(C25="",I25<>"ENTRADA"),"",TEXT(B25,"AAMMDD")&"-"&TEXT(VALUE(SUBSTITUTE(A25,"MOV-","")),"000")) -> 260410-024
A26: MOV-025 | B26: 46122 | C26: Azuka | D26: Glifosato Sal DMA 608 g/L. Equivalente en glifosato 480 g/L | E26: Herbicida | F26: Postemergente | G26: Proquimur | H26: =+T26 -> 260410-025 | I26: ENTRADA | J26: 21120 | K26: =IF(I26="","",IF(I26="ENTRADA",ABS(J26),-ABS(J26))) -> 21120 | L26: L | M26: 46692 | N26: 48776 | P26: 14328 | Q26: 46123 | R26: =IF(H26="","",H26&I26) -> 260410-025ENTRADA | S26: =IF(C26="","",C26&I26) -> AzukaENTRADA | T26: =IF(OR(C26="",I26<>"ENTRADA"),"",TEXT(B26,"AAMMDD")&"-"&TEXT(VALUE(SUBSTITUTE(A26,"MOV-","")),"000")) -> 260410-025 | U26: C1-2-3-4-5-6-7-8N1-2
A27: MOV-026 | B27: 46122 | C27: Azuka | D27: Glifosato Sal DMA 608 g/L. Equivalente en glifosato 480 g/L | E27: Herbicida | F27: Postemergente | G27: Proquimur | H27: 260410-025 | I27: ENTRADA | J27: 2880 | K27: =IF(I27="","",IF(I27="ENTRADA",ABS(J27),-ABS(J27))) -> 2880 | L27: L | M27: 46692 | N27: 48786 | P27: 14329 | Q27: 46123 | R27: =IF(H27="","",H27&I27) -> 260410-025ENTRADA | S27: =IF(C27="","",C27&I27) -> AzukaENTRADA | T27: =IF(OR(C27="",I27<>"ENTRADA"),"",TEXT(B27,"AAMMDD")&"-"&TEXT(VALUE(SUBSTITUTE(A27,"MOV-","")),"000")) -> 260410-026 | U27: C1-2-3-4-5-6-7-8N1-2
A28: MOV-027 | B28: 46122 | C28: Pardo | D28: Clethodim 240 g/L | E28: Herbicida | F28: Postemergente | G28: Proquimur | H28: =+T28 -> 260410-027 | I28: ENTRADA | J28: 17940 | K28: =IF(I28="","",IF(I28="ENTRADA",ABS(J28),-ABS(J28))) -> 17940 | L28: L | M28: 46753 | N28: 48786 | P28: 14329 | Q28: 46123 | R28: =IF(H28="","",H28&I28) -> 260410-027ENTRADA | S28: =IF(C28="","",C28&I28) -> PardoENTRADA | T28: =IF(OR(C28="",I28<>"ENTRADA"),"",TEXT(B28,"AAMMDD")&"-"&TEXT(VALUE(SUBSTITUTE(A28,"MOV-","")),"000")) -> 260410-027 | U28: B4-5-6-7-8N1-2
A29: MOV-078 | B29: 46122 | C29: Avena | D29: Avena propia | E29: Semilla | F29: Avena | H29: =+T29 -> 260410-078 | I29: ENTRADA | J29: 30000 | K29: =IF(I29="","",IF(I29="ENTRADA",ABS(J29),-ABS(J29))) -> 30000 | L29: kg | N29: 59237 | O29: Durazno | R29: =IF(H29="","",H29&I29) -> 260410-078ENTRADA | S29: =IF(C29="","",C29&I29) -> Avena ENTRADA | T29: =IF(OR(C29="",I29<>"ENTRADA"),"",TEXT(B29,"AAMMDD")&"-"&TEXT(VALUE(SUBSTITUTE(A29,"MOV-","")),"000")) -> 260410-078
A30: MOV-028 | B30: 46126 | C30: Harrier | D30: ALCOHOL LINEAL ETOXILADO 32.7% | E30: Coadyuvante | G30: Don asdrual | H30: =+T30 -> 260414-028 | I30: ENTRADA | J30: 1000 | K30: =IF(I30="","",IF(I30="ENTRADA",ABS(J30),-ABS(J30))) -> 1000 | L30: L | M30: 46661 | N30: 390 | P30: 14339 | Q30: 46127 | R30: =IF(H30="","",H30&I30) -> 260414-028ENTRADA | S30: =IF(C30="","",C30&I30) -> HarrierENTRADA | T30: =IF(OR(C30="",I30<>"ENTRADA"),"",TEXT(B30,"AAMMDD")&"-"&TEXT(VALUE(SUBSTITUTE(A30,"MOV-","")),"000")) -> 260414-028 | U30: A3-4-5-6N1-2-3
A31: MOV-029 | B31: 46126 | C31: Harrier | D31: ALCOHOL LINEAL ETOXILADO 32.7% | E31: Coadyuvante | G31: Don asdrual | H31: =+T31 -> 260414-029 | I31: ENTRADA | J31: 5000 | K31: =IF(I31="","",IF(I31="ENTRADA",ABS(J31),-ABS(J31))) -> 5000 | L31: L | M31: 46813 | N31: 390 | P31: 14339 | Q31: 46127 | R31: =IF(H31="","",H31&I31) -> 260414-029ENTRADA | S31: =IF(C31="","",C31&I31) -> HarrierENTRADA | T31: =IF(OR(C31="",I31<>"ENTRADA"),"",TEXT(B31,"AAMMDD")&"-"&TEXT(VALUE(SUBSTITUTE(A31,"MOV-","")),"000")) -> 260414-029 | U31: A3-4-5-6N1-2-3
A32: MOV-030 | B32: 46126 | C32: Full control | D32: ACIDO FOSFORICO 23 g | E32: Coadyuvante | G32: Don asdrual | H32: =+T32 -> 260414-030 | I32: ENTRADA | J32: 1200 | K32: =IF(I32="","",IF(I32="ENTRADA",ABS(J32),-ABS(J32))) -> 1200 | L32: L | M32: 46661 | N32: 390 | P32: 14339 | Q32: 46127 | R32: =IF(H32="","",H32&I32) -> 260414-030ENTRADA | S32: =IF(C32="","",C32&I32) -> Full controlENTRADA | T32: =IF(OR(C32="",I32<>"ENTRADA"),"",TEXT(B32,"AAMMDD")&"-"&TEXT(VALUE(SUBSTITUTE(A32,"MOV-","")),"000")) -> 260414-030 | U32: A7-8N3
A33: MOV-031 | B33: 46126 | C33: Maxi Drop | D33: ACEITE DE SOJA 48 g | E33: Coadyuvante | G33: Don asdrual | H33: =+T33 -> 260414-031 | I33: ENTRADA | J33: 195 | K33: =IF(I33="","",IF(I33="ENTRADA",ABS(J33),-ABS(J33))) -> 195 | L33: L | M33: 46388 | N33: 390 | P33: 14339 | Q33: 46127 | R33: =IF(H33="","",H33&I33) -> 260414-031ENTRADA | S33: =IF(C33="","",C33&I33) -> Maxi DropENTRADA | T33: =IF(OR(C33="",I33<>"ENTRADA"),"",TEXT(B33,"AAMMDD")&"-"&TEXT(VALUE(SUBSTITUTE(A33,"MOV-","")),"000")) -> 260414-031 | U33: A-6N-1
A34: MOV-081 | B34: 46126 | C34: Avena | D34: Avena propia | E34: Semilla | F34: Avena | H34: 260410-078 | I34: ENTRADA | J34: 30000 | K34: =IF(I34="","",IF(I34="ENTRADA",ABS(J34),-ABS(J34))) -> 30000 | L34: kg | N34: 59238 | O34: Durazno | R34: =IF(H34="","",H34&I34) -> 260410-078ENTRADA | S34: =IF(C34="","",C34&I34) -> Avena ENTRADA | T34: =IF(OR(C34="",I34<>"ENTRADA"),"",TEXT(B34,"AAMMDD")&"-"&TEXT(VALUE(SUBSTITUTE(A34,"MOV-","")),"000")) -> 260414-081
A35: MOV-032 | B35: 46127 | C35: Axial | D35: PINOXADEN 5 GR + CLOQUINTOCET-MEXIL 1.25 GR | E35: Herbicida | F35: Postemergente | G35: GS Agro | H35: =+T35 -> 260415-032 | I35: ENTRADA | J35: 2000 | K35: =IF(I35="","",IF(I35="ENTRADA",ABS(J35),-ABS(J35))) -> 2000 | L35: L | M35: 46419 | N35: 12482 | P35: 14340 | Q35: 46127 | R35: =IF(H35="","",H35&I35) -> 260415-032ENTRADA | S35: =IF(C35="","",C35&I35) -> AxialENTRADA | T35: =IF(OR(C35="",I35<>"ENTRADA"),"",TEXT(B35,"AAMMDD")&"-"&TEXT(VALUE(SUBSTITUTE(A35,"MOV-","")),"000")) -> 260415-032 | U35: A9N1-2-3
A36: MOV-033 | B36: 46127 | C36: Raigrás E284 | D36: Estanzuela 284 | E36: Semilla | F36: Raigrás | G36: Granicor | H36: 260408-013 | I36: SALIDA | J36: 1250 | K36: =IF(I36="","",IF(I36="ENTRADA",ABS(J36),-ABS(J36))) -> -1250 | L36: kg | N36: 59311 | O36: Lit. Norte | P36: 1628 | Q36: 46127 | R36: =IF(H36="","",H36&I36) -> 260408-013SALIDA | S36: =IF(C36="","",C36&I36) -> Raigrás E284SALIDA | T36: =IF(OR(C36="",I36<>"ENTRADA"),"",TEXT(B36,"AAMMDD")&"-"&TEXT(VALUE(SUBSTITUTE(A36,"MOV-","")),"000"))
A37: MOV-034 | B37: 46128 | C37: Silobolsa | D37: Silobolsa 9 pies | E37: Silobolsa | G37: AYP Agrogestiones | H37: 260406-011 | I37: ENTRADA | J37: 30 | K37: =IF(I37="","",IF(I37="ENTRADA",ABS(J37),-ABS(J37))) -> 30 | L37: unidad | N37: 3160 | P37: 14365 | Q37: 46137 | R37: =IF(H37="","",H37&I37) -> 260406-011ENTRADA | S37: =IF(C37="","",C37&I37) -> SilobolsaENTRADA | T37: =IF(OR(C37="",I37<>"ENTRADA"),"",TEXT(B37,"AAMMDD")&"-"&TEXT(VALUE(SUBSTITUTE(A37,"MOV-","")),"000")) -> 260416-034
A38: MOV-035 | B38: 46128 | C38: Colza Nuola 300 | D38: Nuola 300 | E38: Semilla | F38: Colza | G38: Agroterra | H38: =+T38 -> 260416-035 | I38: ENTRADA | J38: 3200 | K38: =IF(I38="","",IF(I38="ENTRADA",ABS(J38),-ABS(J38))) -> 3200 | L38: kg | N38: 30271 | P38: 14363 | Q38: 46137 | R38: =IF(H38="","",H38&I38) -> 260416-035ENTRADA | S38: =IF(C38="","",C38&I38) -> Colza Nuola 300ENTRADA | T38: =IF(OR(C38="",I38<>"ENTRADA"),"",TEXT(B38,"AAMMDD")&"-"&TEXT(VALUE(SUBSTITUTE(A38,"MOV-","")),"000")) -> 260416-035
A39: MOV-036 | B39: 46128 | C39: Colza Ceres IMI | D39: Ceres IMI | E39: Semilla | F39: Colza | G39: Agroterra | H39: =+T39 -> 260416-036 | I39: ENTRADA | J39: 1520 | K39: =IF(I39="","",IF(I39="ENTRADA",ABS(J39),-ABS(J39))) -> 1520 | L39: kg | N39: 30279 | P39: 14364 | Q39: 46137 | R39: =IF(H39="","",H39&I39) -> 260416-036ENTRADA | S39: =IF(C39="","",C39&I39) -> Colza Ceres IMIENTRADA | T39: =IF(OR(C39="",I39<>"ENTRADA"),"",TEXT(B39,"AAMMDD")&"-"&TEXT(VALUE(SUBSTITUTE(A39,"MOV-","")),"000")) -> 260416-036 | U39: A1/N3
A40: MOV-037 | B40: 46129 | C40: Festuca Carape | D40: Festuca Carape | E40: Semilla | F40: Festuca | G40: Megaagro | H40: =+T40 -> 260417-037 | I40: ENTRADA | J40: 3400 | K40: =IF(I40="","",IF(I40="ENTRADA",ABS(J40),-ABS(J40))) -> 3400 | L40: kg | N40: 94518 | P40: 14410 | Q40: 46140 | R40: =IF(H40="","",H40&I40) -> 260417-037ENTRADA | S40: =IF(C40="","",C40&I40) -> Festuca CarapeENTRADA | T40: =IF(OR(C40="",I40<>"ENTRADA"),"",TEXT(B40,"AAMMDD")&"-"&TEXT(VALUE(SUBSTITUTE(A40,"MOV-","")),"000")) -> 260417-037
A41: MOV-038 | B41: 46129 | C41: Alfalfa Verdor | D41: Alfalfa Verdor momla 384-2n-04 | E41: Semilla | F41: Alfalfa | G41: Megaagro | H41: =+T41 -> 260417-038 | I41: ENTRADA | J41: 375 | K41: =IF(I41="","",IF(I41="ENTRADA",ABS(J41),-ABS(J41))) -> 375 | L41: kg | N41: 94518 | P41: 14410 | Q41: 46140 | R41: =IF(H41="","",H41&I41) -> 260417-038ENTRADA | S41: =IF(C41="","",C41&I41) -> Alfalfa VerdorENTRADA | T41: =IF(OR(C41="",I41<>"ENTRADA"),"",TEXT(B41,"AAMMDD")&"-"&TEXT(VALUE(SUBSTITUTE(A41,"MOV-","")),"000")) -> 260417-038
A42: MOV-039 | B42: 46129 | C42: Achicora Inia Nova | D42: Achicora inia nova | E42: Semilla | F42: Achicoria | G42: Megaagro | H42: =+T42 -> 260417-039 | I42: ENTRADA | J42: 750 | K42: =IF(I42="","",IF(I42="ENTRADA",ABS(J42),-ABS(J42))) -> 750 | L42: kg | N42: 94518 | P42: 14410 | Q42: 46140 | R42: =IF(H42="","",H42&I42) -> 260417-039ENTRADA | S42: =IF(C42="","",C42&I42) -> Achicora Inia NovaENTRADA | T42: =IF(OR(C42="",I42<>"ENTRADA"),"",TEXT(B42,"AAMMDD")&"-"&TEXT(VALUE(SUBSTITUTE(A42,"MOV-","")),"000")) -> 260417-039
A43: MOV-040 | B43: 46129 | C43: Colza Nuola 300 | D43: Nuola 300 | E43: Semilla | F43: Colza | G43: Cargil | H43: =+T43 -> 260417-040 | I43: ENTRADA | J43: 1600 | K43: =IF(I43="","",IF(I43="ENTRADA",ABS(J43),-ABS(J43))) -> 1600 | L43: kg | N43: 6868 | P43: 14482 | Q43: 46154 | R43: =IF(H43="","",H43&I43) -> 260417-040ENTRADA | S43: =IF(C43="","",C43&I43) -> Colza Nuola 300ENTRADA | T43: =IF(OR(C43="",I43<>"ENTRADA"),"",TEXT(B43,"AAMMDD")&"-"&TEXT(VALUE(SUBSTITUTE(A43,"MOV-","")),"000")) -> 260417-040
A44: MOV-041 | B44: 46129 | C44: Festuca Sortija C2 | D44: Festuca Sortija C2 | E44: Semilla | F44: Festuca | G44: Agrofuturo | H44: =+T44 -> 260417-041 | I44: ENTRADA | J44: 6800 | K44: =IF(I44="","",IF(I44="ENTRADA",ABS(J44),-ABS(J44))) -> 6800 | L44: kg | N44: 7485 | P44: 14402 | Q44: 46139 | R44: =IF(H44="","",H44&I44) -> 260417-041ENTRADA | S44: =IF(C44="","",C44&I44) -> Festuca Sortija C2 ENTRADA | T44: =IF(OR(C44="",I44<>"ENTRADA"),"",TEXT(B44,"AAMMDD")&"-"&TEXT(VALUE(SUBSTITUTE(A44,"MOV-","")),"000")) -> 260417-041
A45: MOV-042 | B45: 46129 | C45: Dactylis Drover | D45: Dactylis Drover ecotec af gram c2 | E45: Semilla | F45: Dactylis | G45: Agrofuturo | H45: =+T45 -> 260417-042 | I45: ENTRADA | J45: 975 | K45: =IF(I45="","",IF(I45="ENTRADA",ABS(J45),-ABS(J45))) -> 975 | L45: kg | N45: 7485 | P45: 14402 | Q45: 46139 | R45: =IF(H45="","",H45&I45) -> 260417-042ENTRADA | S45: =IF(C45="","",C45&I45) -> Dactylis DroverENTRADA | T45: =IF(OR(C45="",I45<>"ENTRADA"),"",TEXT(B45,"AAMMDD")&"-"&TEXT(VALUE(SUBSTITUTE(A45,"MOV-","")),"000")) -> 260417-042
A46: MOV-043 | B46: 46129 | C46: Trebol Blanco E Zapican | D46: Trebol Blanco E Zapican Ecotec AF | E46: Semilla | F46: Trebol Blanco | G46: Agrofuturo | H46: =+T46 -> 260417-043 | I46: ENTRADA | J46: 1375 | K46: =IF(I46="","",IF(I46="ENTRADA",ABS(J46),-ABS(J46))) -> 1375 | L46: kg | N46: 7485 | P46: 14402 | Q46: 46139 | R46: =IF(H46="","",H46&I46) -> 260417-043ENTRADA | S46: =IF(C46="","",C46&I46) -> Trebol Blanco E ZapicanENTRADA | T46: =IF(OR(C46="",I46<>"ENTRADA"),"",TEXT(B46,"AAMMDD")&"-"&TEXT(VALUE(SUBSTITUTE(A46,"MOV-","")),"000")) -> 260417-043
A47: MOV-044 | B47: 46129 | C47: Trebol Rojo E116 | D47: Trebol Rojo E116 Ecotec AF | E47: Semilla | F47: Trebol Rojo | G47: Agrofuturo | H47: =+T47 -> 260417-044 | I47: ENTRADA | J47: 450 | K47: =IF(I47="","",IF(I47="ENTRADA",ABS(J47),-ABS(J47))) -> 450 | L47: kg | N47: 7485 | P47: 14402 | Q47: 46139 | R47: =IF(H47="","",H47&I47) -> 260417-044ENTRADA | S47: =IF(C47="","",C47&I47) -> Trebol Rojo E116ENTRADA | T47: =IF(OR(C47="",I47<>"ENTRADA"),"",TEXT(B47,"AAMMDD")&"-"&TEXT(VALUE(SUBSTITUTE(A47,"MOV-","")),"000")) -> 260417-044
A48: MOV-045 | B48: 46129 | C48: Phalaris Stockman Comb | D48: Phalaris Stockman Comb | E48: Semilla | F48: Phalaris | G48: Agrofuturo | H48: =+T48 -> 260417-045 | I48: ENTRADA | J48: 275 | K48: =IF(I48="","",IF(I48="ENTRADA",ABS(J48),-ABS(J48))) -> 275 | L48: kg | N48: 7485 | P48: 14402 | Q48: 46139 | R48: =IF(H48="","",H48&I48) -> 260417-045ENTRADA | S48: =IF(C48="","",C48&I48) -> Phalaris Stockman CombENTRADA | T48: =IF(OR(C48="",I48<>"ENTRADA"),"",TEXT(B48,"AAMMDD")&"-"&TEXT(VALUE(SUBSTITUTE(A48,"MOV-","")),"000")) -> 260417-045
A49: MOV-070 | B49: 46129 | C49: Azuka | D49: Glifosato Sal DMA 608 g/L. Equivalente en glifosato 480 g/L | E49: Herbicida | F49: Postemergente | G49: Proquimur | H49: 260410-025 | I49: ENTRADA | J49: 21120 | K49: =IF(I49="","",IF(I49="ENTRADA",ABS(J49),-ABS(J49))) -> 21120 | L49: L | M49: 46692 | N49: 48800 | P49: 14366 | Q49: 46137 | R49: =IF(H49="","",H49&I49) -> 260410-025ENTRADA | S49: =IF(C49="","",C49&I49) -> AzukaENTRADA | T49: =IF(OR(C49="",I49<>"ENTRADA"),"",TEXT(B49,"AAMMDD")&"-"&TEXT(VALUE(SUBSTITUTE(A49,"MOV-","")),"000")) -> 260417-070
A50: MOV-046 | B50: 46132 | C50: Colza Curry CL | D50: CURRY CL | E50: Semilla | F50: Colza | G50: ERRO | H50: 260324-001 | I50: SALIDA | J50: 1200 | K50: =IF(I50="","",IF(I50="ENTRADA",ABS(J50),-ABS(J50))) -> -1200 | L50: kg | N50: 59312 | O50: Lit. Norte | P50: 1638 | Q50: 46133 | R50: =IF(H50="","",H50&I50) -> 260324-001SALIDA | S50: =IF(C50="","",C50&I50) -> Colza Curry CLSALIDA | T50: =IF(OR(C50="",I50<>"ENTRADA"),"",TEXT(B50,"AAMMDD")&"-"&TEXT(VALUE(SUBSTITUTE(A50,"MOV-","")),"000"))
A51: MOV-047 | B51: 46132 | C51: Raigrás E284 | D51: Estanzuela 284 | E51: Semilla | F51: Raigrás | G51: Granicor | H51: 260408-013 | I51: SALIDA | J51: 625 | K51: =IF(I51="","",IF(I51="ENTRADA",ABS(J51),-ABS(J51))) -> -625 | L51: kg | N51: 59312 | O51: Lit. Norte | P51: 1638 | Q51: 46133 | R51: =IF(H51="","",H51&I51) -> 260408-013SALIDA | S51: =IF(C51="","",C51&I51) -> Raigrás E284SALIDA | T51: =IF(OR(C51="",I51<>"ENTRADA"),"",TEXT(B51,"AAMMDD")&"-"&TEXT(VALUE(SUBSTITUTE(A51,"MOV-","")),"000"))
A52: MOV-048 | B52: 46132 | C52: Azuka | D52: Glifosato Sal DMA 608 g/L. Equivalente en glifosato 480 g/L | E52: Herbicida | F52: Postemergente | G52: Proquimur | H52: 260410-025 | I52: SALIDA | J52: 340 | K52: =IF(I52="","",IF(I52="ENTRADA",ABS(J52),-ABS(J52))) -> -340 | L52: L | N52: 59313 | O52: Ruta 20 | P52: 1637 | Q52: 46133 | R52: =IF(H52="","",H52&I52) -> 260410-025SALIDA | S52: =IF(C52="","",C52&I52) -> AzukaSALIDA | T52: =IF(OR(C52="",I52<>"ENTRADA"),"",TEXT(B52,"AAMMDD")&"-"&TEXT(VALUE(SUBSTITUTE(A52,"MOV-","")),"000"))
A53: MOV-049 | B53: 46132 | C53: Pardo | D53: Clethodim 240 g/L | E53: Herbicida | F53: Postemergente | G53: Proquimur | H53: 260410-027 | I53: SALIDA | J53: 100 | K53: =IF(I53="","",IF(I53="ENTRADA",ABS(J53),-ABS(J53))) -> -100 | L53: L | N53: 59313 | O53: Ruta 20 | P53: 1637 | Q53: 46133 | R53: =IF(H53="","",H53&I53) -> 260410-027SALIDA | S53: =IF(C53="","",C53&I53) -> PardoSALIDA | T53: =IF(OR(C53="",I53<>"ENTRADA"),"",TEXT(B53,"AAMMDD")&"-"&TEXT(VALUE(SUBSTITUTE(A53,"MOV-","")),"000"))
A54: MOV-050 | B54: 46132 | C54: Starane Xtra | D54: Fluroxypyr Meptil 45,52% | E54: Herbicida | F54: Postemergente | G54: GS Agro | H54: 260408-014 | I54: SALIDA | J54: 40 | K54: =IF(I54="","",IF(I54="ENTRADA",ABS(J54),-ABS(J54))) -> -40 | L54: L | N54: 59313 | O54: Ruta 20 | P54: 1637 | Q54: 46133 | R54: =IF(H54="","",H54&I54) -> 260408-014SALIDA | S54: =IF(C54="","",C54&I54) -> Starane XtraSALIDA | T54: =IF(OR(C54="",I54<>"ENTRADA"),"",TEXT(B54,"AAMMDD")&"-"&TEXT(VALUE(SUBSTITUTE(A54,"MOV-","")),"000"))
A55: MOV-051 | B55: 46132 | C55: Silobolsa | D55: Silobolsa 9 pies | E55: Silobolsa | G55: AYP Agrogestiones | H55: 260406-011 | I55: SALIDA | J55: 3 | K55: =IF(I55="","",IF(I55="ENTRADA",ABS(J55),-ABS(J55))) -> -3 | L55: unidad | N55: 59314 | O55: Salto | P55: 1636 | Q55: 46133 | R55: =IF(H55="","",H55&I55) -> 260406-011SALIDA | S55: =IF(C55="","",C55&I55) -> SilobolsaSALIDA | T55: =IF(OR(C55="",I55<>"ENTRADA"),"",TEXT(B55,"AAMMDD")&"-"&TEXT(VALUE(SUBSTITUTE(A55,"MOV-","")),"000"))
A56: MOV-052 | B56: 46132 | C56: Azuka | D56: Glifosato Sal DMA 608 g/L. Equivalente en glifosato 480 g/L | E56: Herbicida | F56: Postemergente | G56: Proquimur | H56: 260410-025 | I56: ENTRADA | J56: 11520 | K56: =IF(I56="","",IF(I56="ENTRADA",ABS(J56),-ABS(J56))) -> 11520 | L56: L | M56: 46692 | N56: 48917 | P56: 14367 | Q56: 46137 | R56: =IF(H56="","",H56&I56) -> 260410-025ENTRADA | S56: =IF(C56="","",C56&I56) -> AzukaENTRADA | T56: =IF(OR(C56="",I56<>"ENTRADA"),"",TEXT(B56,"AAMMDD")&"-"&TEXT(VALUE(SUBSTITUTE(A56,"MOV-","")),"000")) -> 260420-052
A57: MOV-053 | B57: 46132 | C57: Azuka | D57: Glifosato Sal DMA 608 g/L. Equivalente en glifosato 480 g/L | E57: Herbicida | F57: Postemergente | G57: Proquimur | H57: 260410-025 | I57: SALIDA | J57: 280 | K57: =IF(I57="","",IF(I57="ENTRADA",ABS(J57),-ABS(J57))) -> -280 | L57: L | N57: 59317 | O57: Ruta 20 | P57: 1635 | Q57: 46133 | R57: =IF(H57="","",H57&I57) -> 260410-025SALIDA | S57: =IF(C57="","",C57&I57) -> AzukaSALIDA | T57: =IF(OR(C57="",I57<>"ENTRADA"),"",TEXT(B57,"AAMMDD")&"-"&TEXT(VALUE(SUBSTITUTE(A57,"MOV-","")),"000"))
A58: MOV-054 | B58: 46132 | C58: Harrier | D58: ALCOHOL LINEAL ETOXILADO 32.7% | E58: Coadyuvante | G58: Don asdrual | H58: 260414-028 | I58: SALIDA | J58: 60 | K58: =IF(I58="","",IF(I58="ENTRADA",ABS(J58),-ABS(J58))) -> -60 | L58: L | N58: 59317 | O58: Ruta 20 | P58: 1635 | Q58: 46133 | R58: =IF(H58="","",H58&I58) -> 260414-028SALIDA | S58: =IF(C58="","",C58&I58) -> HarrierSALIDA | T58: =IF(OR(C58="",I58<>"ENTRADA"),"",TEXT(B58,"AAMMDD")&"-"&TEXT(VALUE(SUBSTITUTE(A58,"MOV-","")),"000"))
A59: MOV-055 | B59: 46132 | C59: Full control | D59: ACIDO FOSFORICO 23 g | E59: Coadyuvante | G59: Don asdrual | H59: 260414-030 | I59: SALIDA | J59: 15 | K59: =IF(I59="","",IF(I59="ENTRADA",ABS(J59),-ABS(J59))) -> -15 | L59: L | N59: 59317 | O59: Ruta 20 | P59: 1635 | Q59: 46133 | R59: =IF(H59="","",H59&I59) -> 260414-030SALIDA | S59: =IF(C59="","",C59&I59) -> Full controlSALIDA | T59: =IF(OR(C59="",I59<>"ENTRADA"),"",TEXT(B59,"AAMMDD")&"-"&TEXT(VALUE(SUBSTITUTE(A59,"MOV-","")),"000"))
A60: MOV-058 | B60: 46132 | C60: Colza Curry CL | D60: CURRY CL | E60: Semilla | F60: Colza | G60: ERRO | H60: 260324-001 | I60: SALIDA | J60: 1000 | K60: =IF(I60="","",IF(I60="ENTRADA",ABS(J60),-ABS(J60))) -> -1000 | L60: kg | N60: 59315 | O60: Ruta 20 Bch | P60: 1634 | Q60: 46133 | R60: =IF(H60="","",H60&I60) -> 260324-001SALIDA | S60: =IF(C60="","",C60&I60) -> Colza Curry CLSALIDA | T60: =IF(OR(C60="",I60<>"ENTRADA"),"",TEXT(B60,"AAMMDD")&"-"&TEXT(VALUE(SUBSTITUTE(A60,"MOV-","")),"000"))
A61: MOV-059 | B61: 46132 | C61: Colza Apolo CL | D61: APOLO CL | E61: Semilla | F61: Colza | G61: ERRO | H61: 260410-024 | I61: SALIDA | J61: 200 | K61: =IF(I61="","",IF(I61="ENTRADA",ABS(J61),-ABS(J61))) -> -200 | L61: kg | N61: 59315 | O61: Ruta 20 Bch | P61: 1634 | Q61: 46133 | R61: =IF(H61="","",H61&I61) -> 260410-024SALIDA | S61: =IF(C61="","",C61&I61) -> Colza Apolo CLSALIDA | T61: =IF(OR(C61="",I61<>"ENTRADA"),"",TEXT(B61,"AAMMDD")&"-"&TEXT(VALUE(SUBSTITUTE(A61,"MOV-","")),"000"))
A62: MOV-056 | B62: 46133 | C62: Raigrás E284 | D62: Estanzuela 284 | E62: Semilla | F62: Colza | G62: Granicor | H62: 260408-013 | I62: SALIDA | J62: 2500 | K62: =IF(I62="","",IF(I62="ENTRADA",ABS(J62),-ABS(J62))) -> -2500 | L62: kg | N62: 59318 | O62: Lit. Norte | P62: 1632 | Q62: 46133 | R62: =IF(H62="","",H62&I62) -> 260408-013SALIDA | S62: =IF(C62="","",C62&I62) -> Raigrás E284SALIDA | T62: =IF(OR(C62="",I62<>"ENTRADA"),"",TEXT(B62,"AAMMDD")&"-"&TEXT(VALUE(SUBSTITUTE(A62,"MOV-","")),"000"))
A63: MOV-057 | B63: 46133 | C63: Colza Curry CL | D63: CURRY CL | E63: Semilla | F63: Colza | G63: ERRO | H63: 260324-001 | I63: SALIDA | J63: 360 | K63: =IF(I63="","",IF(I63="ENTRADA",ABS(J63),-ABS(J63))) -> -360 | L63: kg | N63: 59316 | O63: Ruta 20 Don V | P63: 1633 | Q63: 46133 | R63: =IF(H63="","",H63&I63) -> 260324-001SALIDA | S63: =IF(C63="","",C63&I63) -> Colza Curry CLSALIDA | T63: =IF(OR(C63="",I63<>"ENTRADA"),"",TEXT(B63,"AAMMDD")&"-"&TEXT(VALUE(SUBSTITUTE(A63,"MOV-","")),"000"))
A64: MOV-060 | B64: 46133 | C64: Azuka | D64: Glifosato Sal DMA 608 g/L. Equivalente en glifosato 480 g/L | E64: Herbicida | F64: Postemergente | G64: Proquimur | H64: 260410-025 | I64: SALIDA | J64: 2200 | K64: =IF(I64="","",IF(I64="ENTRADA",ABS(J64),-ABS(J64))) -> -2200 | L64: L | N64: 59319 | O64: Lit. Norte | P64: 1639 | Q64: 46133 | R64: =IF(H64="","",H64&I64) -> 260410-025SALIDA | S64: =IF(C64="","",C64&I64) -> AzukaSALIDA | T64: =IF(OR(C64="",I64<>"ENTRADA"),"",TEXT(B64,"AAMMDD")&"-"&TEXT(VALUE(SUBSTITUTE(A64,"MOV-","")),"000"))
A65: MOV-061 | B65: 46133 | C65: Harrier | D65: ALCOHOL LINEAL ETOXILADO 32.7% | E65: Coadyuvante | G65: Don asdrual | H65: 260414-028 | I65: SALIDA | J65: 60 | K65: =IF(I65="","",IF(I65="ENTRADA",ABS(J65),-ABS(J65))) -> -60 | L65: L | N65: 59319 | O65: Lit. Norte | P65: 1639 | Q65: 46133 | R65: =IF(H65="","",H65&I65) -> 260414-028SALIDA | S65: =IF(C65="","",C65&I65) -> HarrierSALIDA | T65: =IF(OR(C65="",I65<>"ENTRADA"),"",TEXT(B65,"AAMMDD")&"-"&TEXT(VALUE(SUBSTITUTE(A65,"MOV-","")),"000"))
A66: MOV-061 | B66: 46133 | C66: Harrier | D66: ALCOHOL LINEAL ETOXILADO 32.7% | E66: Coadyuvante | G66: Don asdrual | H66: 260414-029 | I66: SALIDA | J66: 20 | K66: =IF(I66="","",IF(I66="ENTRADA",ABS(J66),-ABS(J66))) -> -20 | L66: L | N66: 59319 | O66: Lit. Norte | P66: 1639 | Q66: 46133 | T66: =IF(C66="","",UPPER(LEFT(SUBSTITUTE(C66," ",""),3))&"-"&TEXT(B66,"AAMMDD")&"-1") -> HAR-260421-1
A67: MOV-062 | B67: 46133 | C67: Full control | D67: ACIDO FOSFORICO 23 g | E67: Coadyuvante | G67: Don asdrual | H67: 260414-030 | I67: SALIDA | J67: 15 | K67: =IF(I67="","",IF(I67="ENTRADA",ABS(J67),-ABS(J67))) -> -15 | L67: L | N67: 59319 | O67: Lit. Norte | P67: 1639 | Q67: 46133 | R67: =IF(H67="","",H67&I67) -> 260414-030SALIDA | S67: =IF(C67="","",C67&I67) -> Full controlSALIDA | T67: =IF(OR(C67="",I67<>"ENTRADA"),"",TEXT(B67,"AAMMDD")&"-"&TEXT(VALUE(SUBSTITUTE(A67,"MOV-","")),"000"))
A68: MOV-063 | B68: 46133 | C68: Azuka | D68: Glifosato Sal DMA 608 g/L. Equivalente en glifosato 480 g/L | E68: Herbicida | G68: Proquimur | H68: 260410-025 | I68: SALIDA | J68: 960 | K68: =IF(I68="","",IF(I68="ENTRADA",ABS(J68),-ABS(J68))) -> -960 | L68: L | N68: 59320 | O68: Ruta 20 | P68: 1640 | Q68: 46137 | R68: =IF(H68="","",H68&I68) -> 260410-025SALIDA | S68: =IF(C68="","",C68&I68) -> AzukaSALIDA | T68: =IF(OR(C68="",I68<>"ENTRADA"),"",TEXT(B68,"AAMMDD")&"-"&TEXT(VALUE(SUBSTITUTE(A68,"MOV-","")),"000"))
A69: MOV-064 | B69: 46133 | C69: Pardo | D69: Clethodim 240 g/L | E69: Herbicida | F69: Postemergente | G69: Proquimur | H69: 260410-027 | I69: SALIDA | J69: 320 | K69: =IF(I69="","",IF(I69="ENTRADA",ABS(J69),-ABS(J69))) -> -320 | L69: L | N69: 59320 | O69: Ruta 20 | P69: 1640 | Q69: 46137 | R69: =IF(H69="","",H69&I69) -> 260410-027SALIDA | S69: =IF(C69="","",C69&I69) -> PardoSALIDA | T69: =IF(OR(C69="",I69<>"ENTRADA"),"",TEXT(B69,"AAMMDD")&"-"&TEXT(VALUE(SUBSTITUTE(A69,"MOV-","")),"000"))
A70: MOV-065 | B70: 46133 | C70: Harrier | D70: ALCOHOL LINEAL ETOXILADO 32.7% | E70: Coadyuvante | G70: Don asdrual | H70: 260414-029 | I70: SALIDA | J70: 40 | K70: =IF(I70="","",IF(I70="ENTRADA",ABS(J70),-ABS(J70))) -> -40 | L70: L | N70: 59320 | O70: Ruta 20 | P70: 1640 | Q70: 46137 | R70: =IF(H70="","",H70&I70) -> 260414-029SALIDA | S70: =IF(C70="","",C70&I70) -> HarrierSALIDA | T70: =IF(OR(C70="",I70<>"ENTRADA"),"",TEXT(B70,"AAMMDD")&"-"&TEXT(VALUE(SUBSTITUTE(A70,"MOV-","")),"000"))
A71: MOV-066 | B71: 46133 | C71: Full control | D71: ACIDO FOSFORICO 23 g | E71: Coadyuvante | G71: Don asdrual | H71: 260414-030 | I71: SALIDA | J71: 15 | K71: =IF(I71="","",IF(I71="ENTRADA",ABS(J71),-ABS(J71))) -> -15 | L71: L | N71: 59320 | O71: Ruta 20 | P71: 1640 | Q71: 46137 | R71: =IF(H71="","",H71&I71) -> 260414-030SALIDA | S71: =IF(C71="","",C71&I71) -> Full controlSALIDA | T71: =IF(OR(C71="",I71<>"ENTRADA"),"",TEXT(B71,"AAMMDD")&"-"&TEXT(VALUE(SUBSTITUTE(A71,"MOV-","")),"000"))
A72: MOV-067 | B72: 46133 | C72: Colza continuum Cl | D72: Continuum CL | E72: Semilla | F72: Colza | G72: ERRO | H72: =+T72 -> 260421-067 | I72: ENTRADA | J72: 3000 | K72: =IF(I72="","",IF(I72="ENTRADA",ABS(J72),-ABS(J72))) -> 3000 | L72: kg | N72: 47726 | P72: 14381 | Q72: 46137 | R72: =IF(H72="","",H72&I72) -> 260421-067ENTRADA | S72: =IF(C72="","",C72&I72) -> Colza continuum ClENTRADA | T72: =IF(OR(C72="",I72<>"ENTRADA"),"",TEXT(B72,"AAMMDD")&"-"&TEXT(VALUE(SUBSTITUTE(A72,"MOV-","")),"000")) -> 260421-067
A73: MOV-068 | B73: 46133 | C73: Colza Hyola Solstice cl | D73: Colza Hyola Solstice cl | E73: Semilla | F73: Colza | G73: ERRO | H73: =+T73 -> 260421-068 | I73: ENTRADA | J73: 3200 | K73: =IF(I73="","",IF(I73="ENTRADA",ABS(J73),-ABS(J73))) -> 3200 | L73: kg | N73: 47726 | P73: 14381 | Q73: 46137 | R73: =IF(H73="","",H73&I73) -> 260421-068ENTRADA | S73: =IF(C73="","",C73&I73) -> Colza Hyola Solstice clENTRADA | T73: =IF(OR(C73="",I73<>"ENTRADA"),"",TEXT(B73,"AAMMDD")&"-"&TEXT(VALUE(SUBSTITUTE(A73,"MOV-","")),"000")) -> 260421-068
A74: MOV-069 | B74: 46134 | C74: Raigrás E284 | D74: Estanzuela 284 | E74: Semilla | F74: Raigrás | G74: Granicor | H74: 260408-013 | I74: SALIDA | J74: 700 | K74: =IF(I74="","",IF(I74="ENTRADA",ABS(J74),-ABS(J74))) -> -700 | L74: kg | N74: 59321 | O74: Lit. Norte | P74: 1641 | Q74: 46137 | R74: =IF(H74="","",H74&I74) -> 260408-013SALIDA | S74: =IF(C74="","",C74&I74) -> Raigrás E284SALIDA | T74: =IF(OR(C74="",I74<>"ENTRADA"),"",TEXT(B74,"AAMMDD")&"-"&TEXT(VALUE(SUBSTITUTE(A74,"MOV-","")),"000"))
A75: MOV-071 | B75: 46134 | C75: Starane Xtra | D75: Fluroxypyr Meptil 45,52% | E75: Herbicida | F75: Postemergente | G75: GS Agro | H75: 260408-014 | I75: SALIDA | J75: 120 | K75: =IF(I75="","",IF(I75="ENTRADA",ABS(J75),-ABS(J75))) -> -120 | L75: L | N75: 59323 | O75: Ruta 20 | P75: 1643 | Q75: 46137 | R75: =IF(H75="","",H75&I75) -> 260408-014SALIDA | S75: =IF(C75="","",C75&I75) -> Starane XtraSALIDA | T75: =IF(OR(C75="",I75<>"ENTRADA"),"",TEXT(B75,"AAMMDD")&"-"&TEXT(VALUE(SUBSTITUTE(A75,"MOV-","")),"000"))
A76: MOV-072 | B76: 46134 | C76: Pardo | D76: Clethodim 240 g/L | E76: Herbicida | F76: Postemergente | H76: 260410-027 | I76: SALIDA | J76: 300 | K76: =IF(I76="","",IF(I76="ENTRADA",ABS(J76),-ABS(J76))) -> -300 | L76: L | N76: 59323 | O76: Ruta 20 | P76: 1643 | Q76: 46137 | R76: =IF(H76="","",H76&I76) -> 260410-027SALIDA | S76: =IF(C76="","",C76&I76) -> PardoSALIDA | T76: =IF(OR(C76="",I76<>"ENTRADA"),"",TEXT(B76,"AAMMDD")&"-"&TEXT(VALUE(SUBSTITUTE(A76,"MOV-","")),"000"))
A77: MOV-082 | B77: 46134 | C77: Avena | D77: Avena propia | E77: Semilla | F77: Avena | H77: 260410-078 | I77: SALIDA | J77: 24000 | K77: =IF(I77="","",IF(I77="ENTRADA",ABS(J77),-ABS(J77))) -> -24000 | L77: kg | N77: 59322 | O77: Lit. Norte | P77: 1642 | Q77: 46137 | R77: =IF(H77="","",H77&I77) -> 260410-078SALIDA | S77: =IF(C77="","",C77&I77) -> Avena SALIDA | T77: =IF(OR(C77="",I77<>"ENTRADA"),"",TEXT(B77,"AAMMDD")&"-"&TEXT(VALUE(SUBSTITUTE(A77,"MOV-","")),"000"))
A78: MOV-073 | B78: 46135 | C78: Colza Curry CL | D78: CURRY CL | E78: Semilla | F78: Colza | G78: ERRO | H78: 260324-001 | I78: SALIDA | J78: 500 | K78: =IF(I78="","",IF(I78="ENTRADA",ABS(J78),-ABS(J78))) -> -500 | L78: kg | N78: 59324 | O78: Tacuarembó | P78: 1644 | Q78: 46137 | R78: =IF(H78="","",H78&I78) -> 260324-001SALIDA | S78: =IF(C78="","",C78&I78) -> Colza Curry CLSALIDA | T78: =IF(OR(C78="",I78<>"ENTRADA"),"",TEXT(B78,"AAMMDD")&"-"&TEXT(VALUE(SUBSTITUTE(A78,"MOV-","")),"000"))
A79: MOV-074 | B79: 46135 | C79: Colza Ceres IMI | D79: Ceres IMI | E79: Semilla | F79: Colza | G79: Agroterra | H79: 260416-036 | I79: SALIDA | J79: 832 | K79: =IF(I79="","",IF(I79="ENTRADA",ABS(J79),-ABS(J79))) -> -832 | L79: kg | N79: 59324 | O79: Tacuarembó | P79: 1644 | Q79: 46137 | R79: =IF(H79="","",H79&I79) -> 260416-036SALIDA | S79: =IF(C79="","",C79&I79) -> Colza Ceres IMISALIDA | T79: =IF(OR(C79="",I79<>"ENTRADA"),"",TEXT(B79,"AAMMDD")&"-"&TEXT(VALUE(SUBSTITUTE(A79,"MOV-","")),"000"))
A80: MOV-075 | B80: 46135 | C80: Pixxaro | D80: Fluroxypyr meptyl 34,91% + Halauxyfen methyl 1.64% + Cloquintocet mexyl 1.57% | E80: Herbicida | F80: Postemergente | G80: GS Agro | H80: 260408-015 | I80: SALIDA | J80: 80 | K80: =IF(I80="","",IF(I80="ENTRADA",ABS(J80),-ABS(J80))) -> -80 | L80: L | N80: 59324 | O80: Tacuarembó | P80: 1644 | Q80: 46137 | R80: =IF(H80="","",H80&I80) -> 260408-015SALIDA | S80: =IF(C80="","",C80&I80) -> PixxaroSALIDA | T80: =IF(OR(C80="",I80<>"ENTRADA"),"",TEXT(B80,"AAMMDD")&"-"&TEXT(VALUE(SUBSTITUTE(A80,"MOV-","")),"000"))
A81: MOV-076 | B81: 46135 | C81: Starane Xtra | D81: Fluroxypyr Meptil 45,52% | E81: Herbicida | F81: Postemergente | G81: GS Agro | H81: 260408-014 | I81: SALIDA | J81: 50 | K81: =IF(I81="","",IF(I81="ENTRADA",ABS(J81),-ABS(J81))) -> -50 | L81: L | N81: 59324 | O81: Tacuarembó | P81: 1644 | Q81: 46137 | R81: =IF(H81="","",H81&I81) -> 260408-014SALIDA | S81: =IF(C81="","",C81&I81) -> Starane XtraSALIDA | T81: =IF(OR(C81="",I81<>"ENTRADA"),"",TEXT(B81,"AAMMDD")&"-"&TEXT(VALUE(SUBSTITUTE(A81,"MOV-","")),"000"))
A82: MOV-077 | B82: 46135 | C82: Venceweed extra | D82: 2,4-Db-Butilo 93.1% | E82: Herbicida | F82: Postemergente | H82: 260401-008 | I82: SALIDA | J82: 500 | K82: =IF(I82="","",IF(I82="ENTRADA",ABS(J82),-ABS(J82))) -> -500 | L82: L | N82: 59324 | O82: Tacuarembó | P82: 1644 | Q82: 46137 | R82: =IF(H82="","",H82&I82) -> 260401-008SALIDA | S82: =IF(C82="","",C82&I82) -> Venceweed extraSALIDA | T82: =IF(OR(C82="",I82<>"ENTRADA"),"",TEXT(B82,"AAMMDD")&"-"&TEXT(VALUE(SUBSTITUTE(A82,"MOV-","")),"000"))
A83: MOV-079 | B83: 46135 | C83: Silobolsa | D83: Silobolsa 9 pies | E83: Silobolsa | G83: AYP Agrogestiones | H83: 260406-011 | I83: SALIDA | J83: 30 | K83: =IF(I83="","",IF(I83="ENTRADA",ABS(J83),-ABS(J83))) -> -30 | L83: unidad | N83: 59324 | O83: Tacuarembó | P83: 1644 | Q83: 46137 | R83: =IF(H83="","",H83&I83) -> 260406-011SALIDA | S83: =IF(C83="","",C83&I83) -> SilobolsaSALIDA | T83: =IF(OR(C83="",I83<>"ENTRADA"),"",TEXT(B83,"AAMMDD")&"-"&TEXT(VALUE(SUBSTITUTE(A83,"MOV-","")),"000"))
A84: MOV-080 | B84: 46135 | C84: Arsenal | D84: Imazapir sal isopropilamina 24,2% | E84: Herbicida | F84: Postemergente | G84: ERRO | H84: =+T84 -> 260423-080 | I84: ENTRADA | J84: 200 | K84: =IF(I84="","",IF(I84="ENTRADA",ABS(J84),-ABS(J84))) -> 200 | L84: L | M84: 46174 | N84: 130505 | P84: 14394 | Q84: 46139 | R84: =IF(H84="","",H84&I84) -> 260423-080ENTRADA | S84: =IF(C84="","",C84&I84) -> ArsenalENTRADA | T84: =IF(OR(C84="",I84<>"ENTRADA"),"",TEXT(B84,"AAMMDD")&"-"&TEXT(VALUE(SUBSTITUTE(A84,"MOV-","")),"000")) -> 260423-080 | U84: B4/N3
A85: MOV-083 | B85: 46135 | C85: Dash HC | D85: Esteres metílicos de aceite vegetal 42,5% | E85: Coadyuvante | G85: ERRO | H85: =+T85 -> 260423-083 | I85: ENTRADA | J85: 188 | K85: =IF(I85="","",IF(I85="ENTRADA",ABS(J85),-ABS(J85))) -> 188 | L85: L | M85: 47574 | N85: 130505 | P85: 14394 | Q85: 46139 | R85: =IF(H85="","",H85&I85) -> 260423-083ENTRADA | S85: =IF(C85="","",C85&I85) -> Dash HCENTRADA | T85: =IF(OR(C85="",I85<>"ENTRADA"),"",TEXT(B85,"AAMMDD")&"-"&TEXT(VALUE(SUBSTITUTE(A85,"MOV-","")),"000")) -> 260423-083 | U85: B4/N3
A86: MOV-084 | B86: 46135 | C86: Azuka | D86: Glifosato Sal DMA 608 g/L. Equivalente en glifosato 480 g/L | E86: Herbicida | F86: Postemergente | G86: Proquimur | H86: 260410-025 | I86: ENTRADA | J86: 19120 | K86: =IF(I86="","",IF(I86="ENTRADA",ABS(J86),-ABS(J86))) -> 19120 | L86: L | M86: 46692 | N86: 48959 | P86: 14391 | Q86: 46139 | R86: =IF(H86="","",H86&I86) -> 260410-025ENTRADA | S86: =IF(C86="","",C86&I86) -> AzukaENTRADA | T86: =IF(OR(C86="",I86<>"ENTRADA"),"",TEXT(B86,"AAMMDD")&"-"&TEXT(VALUE(SUBSTITUTE(A86,"MOV-","")),"000")) -> 260423-084
A87: MOV-085 | B87: 46135 | C87: Avena | D87: Avena propia | E87: Semilla | F87: Avena | H87: 260410-078 | I87: SALIDA | J87: 25600 | K87: =IF(I87="","",IF(I87="ENTRADA",ABS(J87),-ABS(J87))) -> -25600 | L87: kg | N87: 59325 | O87: Lit. Norte | P87: 1645 | Q87: 46139 | R87: =IF(H87="","",H87&I87) -> 260410-078SALIDA | S87: =IF(C87="","",C87&I87) -> Avena SALIDA | T87: =IF(OR(C87="",I87<>"ENTRADA"),"",TEXT(B87,"AAMMDD")&"-"&TEXT(VALUE(SUBSTITUTE(A87,"MOV-","")),"000"))
A88: MOV-086 | B88: 46136 | C88: Harrier | D88: ALCOHOL LINEAL ETOXILADO 32.7% | E88: Coadyuvante | G88: Don asdrual | H88: 260414-029 | I88: SALIDA | J88: 120 | K88: =IF(I88="","",IF(I88="ENTRADA",ABS(J88),-ABS(J88))) -> -120 | L88: L | N88: 59326 | O88: Lit. Norte | P88: 1655 | Q88: 46148 | R88: =IF(H88="","",H88&I88) -> 260414-029SALIDA | S88: =IF(C88="","",C88&I88) -> HarrierSALIDA | T88: =IF(OR(C88="",I88<>"ENTRADA"),"",TEXT(B88,"AAMMDD")&"-"&TEXT(VALUE(SUBSTITUTE(A88,"MOV-","")),"000"))
A89: MOV-087 | B89: 46136 | C89: Full control | D89: ACIDO FOSFORICO 23 g | E89: Coadyuvante | G89: Don asdrual | H89: 260414-030 | I89: SALIDA | J89: 15 | K89: =IF(I89="","",IF(I89="ENTRADA",ABS(J89),-ABS(J89))) -> -15 | L89: L | N89: 59326 | O89: Lit. Norte | P89: 1655 | R89: =IF(H89="","",H89&I89) -> 260414-030SALIDA | S89: =IF(C89="","",C89&I89) -> Full controlSALIDA | T89: =IF(OR(C89="",I89<>"ENTRADA"),"",TEXT(B89,"AAMMDD")&"-"&TEXT(VALUE(SUBSTITUTE(A89,"MOV-","")),"000"))
A90: MOV-088 | B90: 46136 | C90: Lotus Nilo ht | D90: Lotus Nilo Ht Gen Protect Plus | E90: Semilla | F90: Lotus | G90: Irmacor | H90: =+T90 -> 260424-088 | I90: ENTRADA | J90: 5200 | K90: =IF(I90="","",IF(I90="ENTRADA",ABS(J90),-ABS(J90))) -> 5200 | L90: kg | N90: 19967 | P90: 14401 | Q90: 46139 | R90: =IF(H90="","",H90&I90) -> 260424-088ENTRADA | S90: =IF(C90="","",C90&I90) -> Lotus Nilo htENTRADA | T90: =IF(OR(C90="",I90<>"ENTRADA"),"",TEXT(B90,"AAMMDD")&"-"&TEXT(VALUE(SUBSTITUTE(A90,"MOV-","")),"000")) -> 260424-088
A91: MOV-089 | B91: 46136 | C91: Dactylis inia perseo | D91: Dactylis inia perseo cert +ins | E91: Semilla | F91: Dactylis | G91: Irmacor | H91: =+T91 -> 260424-089 | I91: ENTRADA | J91: 1200 | K91: =IF(I91="","",IF(I91="ENTRADA",ABS(J91),-ABS(J91))) -> 1200 | L91: kg | N91: 19967 | P91: 14401 | Q91: 46139 | R91: =IF(H91="","",H91&I91) -> 260424-089ENTRADA | S91: =IF(C91="","",C91&I91) -> Dactylis inia perseoENTRADA | T91: =IF(OR(C91="",I91<>"ENTRADA"),"",TEXT(B91,"AAMMDD")&"-"&TEXT(VALUE(SUBSTITUTE(A91,"MOV-","")),"000")) -> 260424-089
A92: MOV-090 | B92: 46136 | C92: Alfalfa Latte 920 | D92: Alfalfa latte 920 gen protect plus | E92: Semilla | F92: Alfalfa | G92: Irmacor | H92: =+T92 -> 260424-090 | I92: ENTRADA | J92: 375 | K92: =IF(I92="","",IF(I92="ENTRADA",ABS(J92),-ABS(J92))) -> 375 | L92: kg | N92: 19967 | P92: 14401 | Q92: 46139 | R92: =IF(H92="","",H92&I92) -> 260424-090ENTRADA | S92: =IF(C92="","",C92&I92) -> Alfalfa Latte 920ENTRADA | T92: =IF(OR(C92="",I92<>"ENTRADA"),"",TEXT(B92,"AAMMDD")&"-"&TEXT(VALUE(SUBSTITUTE(A92,"MOV-","")),"000")) -> 260424-090
A93: MOV-091 | B93: 46136 | C93: Colza 45y95cl | D93: Colza 45y95cl | E93: Semilla | F93: Colza | G93: GS Agro | H93: =+T93 -> 260424-091 | I93: ENTRADA | J93: 200 | K93: =IF(I93="","",IF(I93="ENTRADA",ABS(J93),-ABS(J93))) -> 200 | L93: kg | N93: 12590 | P93: 14483 | Q93: 46154 | R93: =IF(H93="","",H93&I93) -> 260424-091ENTRADA | S93: =IF(C93="","",C93&I93) -> Colza 45y95clENTRADA | T93: =IF(OR(C93="",I93<>"ENTRADA"),"",TEXT(B93,"AAMMDD")&"-"&TEXT(VALUE(SUBSTITUTE(A93,"MOV-","")),"000")) -> 260424-091 | U93: A-1/N-3
A94: MOV-092 | B94: 46136 | C94: Azuka | D94: Glifosato Sal DMA 608 g/L. Equivalente en glifosato 480 g/L | E94: Herbicida | F94: Postemergente | G94: Proquimur | H94: 260410-025 | I94: SALIDA | J94: 960 | K94: =IF(I94="","",IF(I94="ENTRADA",ABS(J94),-ABS(J94))) -> -960 | L94: L | N94: 59327 | O94: Ruta 20 | P94: 1647 | Q94: 46139 | R94: =IF(H94="","",H94&I94) -> 260410-025SALIDA | S94: =IF(C94="","",C94&I94) -> AzukaSALIDA | T94: =IF(OR(C94="",I94<>"ENTRADA"),"",TEXT(B94,"AAMMDD")&"-"&TEXT(VALUE(SUBSTITUTE(A94,"MOV-","")),"000"))
A95: MOV-093 | B95: 46136 | C95: Pardo | D95: Clethodim 240 g/L | E95: Herbicida | F95: Postemergente | G95: Proquimur | H95: 260410-027 | I95: SALIDA | J95: 300 | K95: =IF(I95="","",IF(I95="ENTRADA",ABS(J95),-ABS(J95))) -> -300 | L95: L | N95: 59327 | O95: Ruta 20 | P95: 1647 | Q95: 46139 | R95: =IF(H95="","",H95&I95) -> 260410-027SALIDA | S95: =IF(C95="","",C95&I95) -> PardoSALIDA | T95: =IF(OR(C95="",I95<>"ENTRADA"),"",TEXT(B95,"AAMMDD")&"-"&TEXT(VALUE(SUBSTITUTE(A95,"MOV-","")),"000"))
A96: MOV-094 | B96: 46137 | C96: Avena | D96: Avena propia | E96: Semilla | F96: Avena | H96: 260410-078 | I96: SALIDA | J96: 10400 | K96: =IF(I96="","",IF(I96="ENTRADA",ABS(J96),-ABS(J96))) -> -10400 | L96: kg | N96: 59328 | O96: Ruta 20 | P96: 1646 | Q96: 46139 | R96: =IF(H96="","",H96&I96) -> 260410-078SALIDA | S96: =IF(C96="","",C96&I96) -> Avena SALIDA | T96: =IF(OR(C96="",I96<>"ENTRADA"),"",TEXT(B96,"AAMMDD")&"-"&TEXT(VALUE(SUBSTITUTE(A96,"MOV-","")),"000"))
A97: MOV-095 | B97: 46139 | C97: Colza Curry CL | D97: CURRY CL | E97: Semilla | F97: Colza | G97: ERRO | H97: 260324-001 | I97: SALIDA | J97: 340 | K97: =IF(I97="","",IF(I97="ENTRADA",ABS(J97),-ABS(J97))) -> -340 | L97: kg | N97: 59329 | O97: Lit. Norte | P97: 1648 | Q97: 46140 | R97: =IF(H97="","",H97&I97) -> 260324-001SALIDA | S97: =IF(C97="","",C97&I97) -> Colza Curry CLSALIDA | T97: =IF(OR(C97="",I97<>"ENTRADA"),"",TEXT(B97,"AAMMDD")&"-"&TEXT(VALUE(SUBSTITUTE(A97,"MOV-","")),"000"))
A98: MOV-096 | B98: 46139 | C98: Azuka | D98: Glifosato Sal DMA 608 g/L. Equivalente en glifosato 480 g/L | E98: Herbicida | F98: Postemergente | G98: Proquimur | H98: 260410-025 | I98: SALIDA | J98: 400 | K98: =IF(I98="","",IF(I98="ENTRADA",ABS(J98),-ABS(J98))) -> -400 | L98: L | N98: 59330 | O98: Ruta 20 | P98: 1649 | Q98: 46140 | R98: =IF(H98="","",H98&I98) -> 260410-025SALIDA | S98: =IF(C98="","",C98&I98) -> AzukaSALIDA | T98: =IF(OR(C98="",I98<>"ENTRADA"),"",TEXT(B98,"AAMMDD")&"-"&TEXT(VALUE(SUBSTITUTE(A98,"MOV-","")),"000"))
A99: MOV-097 | B99: 46139 | C99: Starane Xtra | D99: Fluroxypyr Meptil 45,52% | E99: Herbicida | F99: Postemergente | G99: GS Agro | H99: 260408-014 | I99: SALIDA | J99: 50 | K99: =IF(I99="","",IF(I99="ENTRADA",ABS(J99),-ABS(J99))) -> -50 | L99: L | N99: 59330 | O99: Ruta 20 | P99: 1649 | Q99: 46140 | R99: =IF(H99="","",H99&I99) -> 260408-014SALIDA | S99: =IF(C99="","",C99&I99) -> Starane XtraSALIDA | T99: =IF(OR(C99="",I99<>"ENTRADA"),"",TEXT(B99,"AAMMDD")&"-"&TEXT(VALUE(SUBSTITUTE(A99,"MOV-","")),"000"))
A100: MOV-098 | B100: 46139 | C100: Harrier | D100: ALCOHOL LINEAL ETOXILADO 32.7% | E100: Coadyuvante | G100: Don asdrual | H100: 260414-029 | I100: SALIDA | J100: 20 | K100: =IF(I100="","",IF(I100="ENTRADA",ABS(J100),-ABS(J100))) -> -20 | L100: L | N100: 59330 | O100: Ruta 20 | P100: 1649 | Q100: 46140 | R100: =IF(H100="","",H100&I100) -> 260414-029SALIDA | S100: =IF(C100="","",C100&I100) -> HarrierSALIDA | T100: =IF(OR(C100="",I100<>"ENTRADA"),"",TEXT(B100,"AAMMDD")&"-"&TEXT(VALUE(SUBSTITUTE(A100,"MOV-","")),"000"))
...

Sheet Resumen_Producto
A1: Producto | B1: Principio Activo/Variedad | C1: Tipo | D1: Subtipo | E1: Unidad | F1: Lotes Activos | G1: Stock Total | H1: Venc. Más Próximo
A2: Colza Curry CL | B2: =IF(A2="","",IFERROR(INDEX(Movimientos!$D$2:$D$1993,MATCH(A2&"ENTRADA",Movimientos!$S$2:$S$1993,0)),"-")) -> CURRY CL | C2: =IF(A2="","",IFERROR(INDEX(Movimientos!$E$2:$E$1993,MATCH(A2&"ENTRADA",Movimientos!$S$2:$S$1993,0)),"-")) -> Semilla | D2: =IF(A2="","",IFERROR(INDEX(Movimientos!$F$2:$F$1993,MATCH(A2&"ENTRADA",Movimientos!$S$2:$S$1993,0)),"-")) -> Colza | E2: =IF(A2="","",IFERROR(INDEX(Movimientos!$L$2:$L$1993,MATCH(A2&"ENTRADA",Movimientos!$S$2:$S$1993,0)),"-")) -> kg | F2: =IF(A2="","",COUNTIFS(Stock_por_Lote!$B:$B,A2,Stock_por_Lote!$J:$J,">0")) -> 0 | G2: =IF(A2="","",SUMIFS(Movimientos!$K:$K,Movimientos!$C:$C,A2)) -> 0 | H2: =IF(A2="","",IFERROR(IF(_xlfn.MINIFS(Stock_por_Lote!$H:$H,Stock_por_Lote!$B:$B,A2,Stock_por_Lote!$J:$J,">0")=0,"S/D",_xlfn.MINIFS(Stock_por_Lote!$H:$H,Stock_por_Lote!$B:$B,A2,Stock_por_Lote!$J:$J,">0")),"S/D")) -> S/D
A3: Korvetto | B3: =IF(A3="","",IFERROR(INDEX(Movimientos!$D$2:$D$1993,MATCH(A3&"ENTRADA",Movimientos!$S$2:$S$1993,0)),"-")) -> Clopyralid 12% + Halauxyfen methyl 0,51% | C3: =IF(A3="","",IFERROR(INDEX(Movimientos!$E$2:$E$1993,MATCH(A3&"ENTRADA",Movimientos!$S$2:$S$1993,0)),"-")) -> Herbicida | D3: =IF(A3="","",IFERROR(INDEX(Movimientos!$F$2:$F$1993,MATCH(A3&"ENTRADA",Movimientos!$S$2:$S$1993,0)),"-")) -> Postemergente | E3: =IF(A3="","",IFERROR(INDEX(Movimientos!$L$2:$L$1993,MATCH(A3&"ENTRADA",Movimientos!$S$2:$S$1993,0)),"-")) -> L | F3: =IF(A3="","",COUNTIFS(Stock_por_Lote!$B:$B,A3,Stock_por_Lote!$J:$J,">0")) -> 1 | G3: =IF(A3="","",SUMIFS(Movimientos!$K:$K,Movimientos!$C:$C,A3)) -> 10 | H3: =IF(A3="","",IFERROR(IF(_xlfn.MINIFS(Stock_por_Lote!$H:$H,Stock_por_Lote!$B:$B,A3,Stock_por_Lote!$J:$J,">0")=0,"S/D",_xlfn.MINIFS(Stock_por_Lote!$H:$H,Stock_por_Lote!$B:$B,A3,Stock_por_Lote!$J:$J,">0")),"S/D")) -> 46710
A4: Lontrel | B4: =IF(A4="","",IFERROR(INDEX(Movimientos!$D$2:$D$1993,MATCH(A4&"ENTRADA",Movimientos!$S$2:$S$1993,0)),"-")) -> Clopyralid sal monoetanolamina 40.9% | C4: =IF(A4="","",IFERROR(INDEX(Movimientos!$E$2:$E$1993,MATCH(A4&"ENTRADA",Movimientos!$S$2:$S$1993,0)),"-")) -> Herbicida | D4: =IF(A4="","",IFERROR(INDEX(Movimientos!$F$2:$F$1993,MATCH(A4&"ENTRADA",Movimientos!$S$2:$S$1993,0)),"-")) -> Postemergente | E4: =IF(A4="","",IFERROR(INDEX(Movimientos!$L$2:$L$1993,MATCH(A4&"ENTRADA",Movimientos!$S$2:$S$1993,0)),"-")) -> L | F4: =IF(A4="","",COUNTIFS(Stock_por_Lote!$B:$B,A4,Stock_por_Lote!$J:$J,">0")) -> 1 | G4: =IF(A4="","",SUMIFS(Movimientos!$K:$K,Movimientos!$C:$C,A4)) -> 255 | H4: =IF(A4="","",IFERROR(IF(_xlfn.MINIFS(Stock_por_Lote!$H:$H,Stock_por_Lote!$B:$B,A4,Stock_por_Lote!$J:$J,">0")=0,"S/D",_xlfn.MINIFS(Stock_por_Lote!$H:$H,Stock_por_Lote!$B:$B,A4,Stock_por_Lote!$J:$J,">0")),"S/D")) -> 46500
A5: Preside | B5: =IF(A5="","",IFERROR(INDEX(Movimientos!$D$2:$D$1993,MATCH(A5&"ENTRADA",Movimientos!$S$2:$S$1993,0)),"-")) -> Flumetsulam 11,35% | C5: =IF(A5="","",IFERROR(INDEX(Movimientos!$E$2:$E$1993,MATCH(A5&"ENTRADA",Movimientos!$S$2:$S$1993,0)),"-")) -> Herbicida | D5: =IF(A5="","",IFERROR(INDEX(Movimientos!$F$2:$F$1993,MATCH(A5&"ENTRADA",Movimientos!$S$2:$S$1993,0)),"-")) -> Preemergente | E5: =IF(A5="","",IFERROR(INDEX(Movimientos!$L$2:$L$1993,MATCH(A5&"ENTRADA",Movimientos!$S$2:$S$1993,0)),"-")) -> L | F5: =IF(A5="","",COUNTIFS(Stock_por_Lote!$B:$B,A5,Stock_por_Lote!$J:$J,">0")) -> 2 | G5: =IF(A5="","",SUMIFS(Movimientos!$K:$K,Movimientos!$C:$C,A5)) -> 1920 | H5: =IF(A5="","",IFERROR(IF(_xlfn.MINIFS(Stock_por_Lote!$H:$H,Stock_por_Lote!$B:$B,A5,Stock_por_Lote!$J:$J,">0")=0,"S/D",_xlfn.MINIFS(Stock_por_Lote!$H:$H,Stock_por_Lote!$B:$B,A5,Stock_por_Lote!$J:$J,">0")),"S/D")) -> 46528
A6: Tordon 24K | B6: =IF(A6="","",IFERROR(INDEX(Movimientos!$D$2:$D$1993,MATCH(A6&"ENTRADA",Movimientos!$S$2:$S$1993,0)),"-")) -> Picloram 24,9% | C6: =IF(A6="","",IFERROR(INDEX(Movimientos!$E$2:$E$1993,MATCH(A6&"ENTRADA",Movimientos!$S$2:$S$1993,0)),"-")) -> Herbicida | D6: =IF(A6="","",IFERROR(INDEX(Movimientos!$F$2:$F$1993,MATCH(A6&"ENTRADA",Movimientos!$S$2:$S$1993,0)),"-")) -> Postemergente | E6: =IF(A6="","",IFERROR(INDEX(Movimientos!$L$2:$L$1993,MATCH(A6&"ENTRADA",Movimientos!$S$2:$S$1993,0)),"-")) -> L | F6: =IF(A6="","",COUNTIFS(Stock_por_Lote!$B:$B,A6,Stock_por_Lote!$J:$J,">0")) -> 1 | G6: =IF(A6="","",SUMIFS(Movimientos!$K:$K,Movimientos!$C:$C,A6)) -> 70 | H6: =IF(A6="","",IFERROR(IF(_xlfn.MINIFS(Stock_por_Lote!$H:$H,Stock_por_Lote!$B:$B,A6,Stock_por_Lote!$J:$J,">0")=0,"S/D",_xlfn.MINIFS(Stock_por_Lote!$H:$H,Stock_por_Lote!$B:$B,A6,Stock_por_Lote!$J:$J,">0")),"S/D")) -> 46517
A7: Tronador | B7: =IF(A7="","",IFERROR(INDEX(Movimientos!$D$2:$D$1993,MATCH(A7&"ENTRADA",Movimientos!$S$2:$S$1993,0)),"-")) -> Halauxifen metil 3.3% + Aminopyralid 2.7% + Metsulfuron metil 20% | C7: =IF(A7="","",IFERROR(INDEX(Movimientos!$E$2:$E$1993,MATCH(A7&"ENTRADA",Movimientos!$S$2:$S$1993,0)),"-")) -> Herbicida | D7: =IF(A7="","",IFERROR(INDEX(Movimientos!$F$2:$F$1993,MATCH(A7&"ENTRADA",Movimientos!$S$2:$S$1993,0)),"-")) -> Postemergente | E7: =IF(A7="","",IFERROR(INDEX(Movimientos!$L$2:$L$1993,MATCH(A7&"ENTRADA",Movimientos!$S$2:$S$1993,0)),"-")) -> Pack | F7: =IF(A7="","",COUNTIFS(Stock_por_Lote!$B:$B,A7,Stock_por_Lote!$J:$J,">0")) -> 0 | G7: =IF(A7="","",SUMIFS(Movimientos!$K:$K,Movimientos!$C:$C,A7)) -> 0 | H7: =IF(A7="","",IFERROR(IF(_xlfn.MINIFS(Stock_por_Lote!$H:$H,Stock_por_Lote!$B:$B,A7,Stock_por_Lote!$J:$J,">0")=0,"S/D",_xlfn.MINIFS(Stock_por_Lote!$H:$H,Stock_por_Lote!$B:$B,A7,Stock_por_Lote!$J:$J,">0")),"S/D")) -> S/D
A8: Venceweed extra | B8: =IF(A8="","",IFERROR(INDEX(Movimientos!$D$2:$D$1993,MATCH(A8&"ENTRADA",Movimientos!$S$2:$S$1993,0)),"-")) -> 2,4-Db-Butilo 93.1% | C8: =IF(A8="","",IFERROR(INDEX(Movimientos!$E$2:$E$1993,MATCH(A8&"ENTRADA",Movimientos!$S$2:$S$1993,0)),"-")) -> Herbicida | D8: =IF(A8="","",IFERROR(INDEX(Movimientos!$F$2:$F$1993,MATCH(A8&"ENTRADA",Movimientos!$S$2:$S$1993,0)),"-")) -> Postemergente | E8: =IF(A8="","",IFERROR(INDEX(Movimientos!$L$2:$L$1993,MATCH(A8&"ENTRADA",Movimientos!$S$2:$S$1993,0)),"-")) -> L | F8: =IF(A8="","",COUNTIFS(Stock_por_Lote!$B:$B,A8,Stock_por_Lote!$J:$J,">0")) -> 1 | G8: =IF(A8="","",SUMIFS(Movimientos!$K:$K,Movimientos!$C:$C,A8)) -> 1700 | H8: =IF(A8="","",IFERROR(IF(_xlfn.MINIFS(Stock_por_Lote!$H:$H,Stock_por_Lote!$B:$B,A8,Stock_por_Lote!$J:$J,">0")=0,"S/D",_xlfn.MINIFS(Stock_por_Lote!$H:$H,Stock_por_Lote!$B:$B,A8,Stock_por_Lote!$J:$J,">0")),"S/D")) -> 46737
A9: Dedalo elite | B9: =IF(A9="","",IFERROR(INDEX(Movimientos!$D$2:$D$1993,MATCH(A9&"ENTRADA",Movimientos!$S$2:$S$1993,0)),"-")) -> 2,4 D Acido 27.2% | C9: =IF(A9="","",IFERROR(INDEX(Movimientos!$E$2:$E$1993,MATCH(A9&"ENTRADA",Movimientos!$S$2:$S$1993,0)),"-")) -> Herbicida | D9: =IF(A9="","",IFERROR(INDEX(Movimientos!$F$2:$F$1993,MATCH(A9&"ENTRADA",Movimientos!$S$2:$S$1993,0)),"-")) -> Postemergente | E9: =IF(A9="","",IFERROR(INDEX(Movimientos!$L$2:$L$1993,MATCH(A9&"ENTRADA",Movimientos!$S$2:$S$1993,0)),"-")) -> L | F9: =IF(A9="","",COUNTIFS(Stock_por_Lote!$B:$B,A9,Stock_por_Lote!$J:$J,">0")) -> 1 | G9: =IF(A9="","",SUMIFS(Movimientos!$K:$K,Movimientos!$C:$C,A9)) -> 5960 | H9: =IF(A9="","",IFERROR(IF(_xlfn.MINIFS(Stock_por_Lote!$H:$H,Stock_por_Lote!$B:$B,A9,Stock_por_Lote!$J:$J,">0")=0,"S/D",_xlfn.MINIFS(Stock_por_Lote!$H:$H,Stock_por_Lote!$B:$B,A9,Stock_por_Lote!$J:$J,">0")),"S/D")) -> 46725
A10: Silobolsa | B10: =IF(A10="","",IFERROR(INDEX(Movimientos!$D$2:$D$1993,MATCH(A10&"ENTRADA",Movimientos!$S$2:$S$1993,0)),"-")) -> Silobolsa 9 pies | C10: =IF(A10="","",IFERROR(INDEX(Movimientos!$E$2:$E$1993,MATCH(A10&"ENTRADA",Movimientos!$S$2:$S$1993,0)),"-")) -> Silobolsa | D10: =IF(A10="","",IFERROR(INDEX(Movimientos!$F$2:$F$1993,MATCH(A10&"ENTRADA",Movimientos!$S$2:$S$1993,0)),"-")) -> 0 | E10: =IF(A10="","",IFERROR(INDEX(Movimientos!$L$2:$L$1993,MATCH(A10&"ENTRADA",Movimientos!$S$2:$S$1993,0)),"-")) -> unidad | F10: =IF(A10="","",COUNTIFS(Stock_por_Lote!$B:$B,A10,Stock_por_Lote!$J:$J,">0")) -> 0 | G10: =IF(A10="","",SUMIFS(Movimientos!$K:$K,Movimientos!$C:$C,A10)) -> 0 | H10: =IF(A10="","",IFERROR(IF(_xlfn.MINIFS(Stock_por_Lote!$H:$H,Stock_por_Lote!$B:$B,A10,Stock_por_Lote!$J:$J,">0")=0,"S/D",_xlfn.MINIFS(Stock_por_Lote!$H:$H,Stock_por_Lote!$B:$B,A10,Stock_por_Lote!$J:$J,">0")),"S/D")) -> S/D
A11: Raigrás E284 | B11: =IF(A11="","",IFERROR(INDEX(Movimientos!$D$2:$D$1993,MATCH(A11&"ENTRADA",Movimientos!$S$2:$S$1993,0)),"-")) -> Estanzuela 284 | C11: =IF(A11="","",IFERROR(INDEX(Movimientos!$E$2:$E$1993,MATCH(A11&"ENTRADA",Movimientos!$S$2:$S$1993,0)),"-")) -> Semilla | D11: =IF(A11="","",IFERROR(INDEX(Movimientos!$F$2:$F$1993,MATCH(A11&"ENTRADA",Movimientos!$S$2:$S$1993,0)),"-")) -> Raigrás | E11: =IF(A11="","",IFERROR(INDEX(Movimientos!$L$2:$L$1993,MATCH(A11&"ENTRADA",Movimientos!$S$2:$S$1993,0)),"-")) -> kg | F11: =IF(A11="","",COUNTIFS(Stock_por_Lote!$B:$B,A11,Stock_por_Lote!$J:$J,">0")) -> 0 | G11: =IF(A11="","",SUMIFS(Movimientos!$K:$K,Movimientos!$C:$C,A11)) -> 0 | H11: =IF(A11="","",IFERROR(IF(_xlfn.MINIFS(Stock_por_Lote!$H:$H,Stock_por_Lote!$B:$B,A11,Stock_por_Lote!$J:$J,">0")=0,"S/D",_xlfn.MINIFS(Stock_por_Lote!$H:$H,Stock_por_Lote!$B:$B,A11,Stock_por_Lote!$J:$J,">0")),"S/D")) -> S/D
A12: Starane Xtra | B12: =IF(A12="","",IFERROR(INDEX(Movimientos!$D$2:$D$1993,MATCH(A12&"ENTRADA",Movimientos!$S$2:$S$1993,0)),"-")) -> Fluroxypyr Meptil 45,52% | C12: =IF(A12="","",IFERROR(INDEX(Movimientos!$E$2:$E$1993,MATCH(A12&"ENTRADA",Movimientos!$S$2:$S$1993,0)),"-")) -> Herbicida | D12: =IF(A12="","",IFERROR(INDEX(Movimientos!$F$2:$F$1993,MATCH(A12&"ENTRADA",Movimientos!$S$2:$S$1993,0)),"-")) -> Postemergente | E12: =IF(A12="","",IFERROR(INDEX(Movimientos!$L$2:$L$1993,MATCH(A12&"ENTRADA",Movimientos!$S$2:$S$1993,0)),"-")) -> L | F12: =IF(A12="","",COUNTIFS(Stock_por_Lote!$B:$B,A12,Stock_por_Lote!$J:$J,">0")) -> 0 | G12: =IF(A12="","",SUMIFS(Movimientos!$K:$K,Movimientos!$C:$C,A12)) -> 0 | H12: =IF(A12="","",IFERROR(IF(_xlfn.MINIFS(Stock_por_Lote!$H:$H,Stock_por_Lote!$B:$B,A12,Stock_por_Lote!$J:$J,">0")=0,"S/D",_xlfn.MINIFS(Stock_por_Lote!$H:$H,Stock_por_Lote!$B:$B,A12,Stock_por_Lote!$J:$J,">0")),"S/D")) -> S/D
A13: Pixxaro | B13: =IF(A13="","",IFERROR(INDEX(Movimientos!$D$2:$D$1993,MATCH(A13&"ENTRADA",Movimientos!$S$2:$S$1993,0)),"-")) -> Fluroxypyr meptyl 34,91% + Halauxyfen methyl 1.64% + Cloquintocet mexyl 1.57% | C13: =IF(A13="","",IFERROR(INDEX(Movimientos!$E$2:$E$1993,MATCH(A13&"ENTRADA",Movimientos!$S$2:$S$1993,0)),"-")) -> Herbicida | D13: =IF(A13="","",IFERROR(INDEX(Movimientos!$F$2:$F$1993,MATCH(A13&"ENTRADA",Movimientos!$S$2:$S$1993,0)),"-")) -> Postemergente | E13: =IF(A13="","",IFERROR(INDEX(Movimientos!$L$2:$L$1993,MATCH(A13&"ENTRADA",Movimientos!$S$2:$S$1993,0)),"-")) -> L | F13: =IF(A13="","",COUNTIFS(Stock_por_Lote!$B:$B,A13,Stock_por_Lote!$J:$J,">0")) -> 1 | G13: =IF(A13="","",SUMIFS(Movimientos!$K:$K,Movimientos!$C:$C,A13)) -> 5460 | H13: =IF(A13="","",IFERROR(IF(_xlfn.MINIFS(Stock_por_Lote!$H:$H,Stock_por_Lote!$B:$B,A13,Stock_por_Lote!$J:$J,">0")=0,"S/D",_xlfn.MINIFS(Stock_por_Lote!$H:$H,Stock_por_Lote!$B:$B,A13,Stock_por_Lote!$J:$J,">0")),"S/D")) -> 46801
... A82: zinex | B82: =IF(A82="","",IFERROR(INDEX(Movimientos!$D$2:$D$1993,MATCH(A82&"ENTRADA",Movimientos!$S$2:$S$1993,0)),"-")) -> flumioxazim 480g/l | C82: =IF(A82="","",IFERROR(INDEX(Movimientos!$E$2:$E$1993,MATCH(A82&"ENTRADA",Movimientos!$S$2:$S$1993,0)),"-")) -> Herbicida | D82: =IF(A82="","",IFERROR(INDEX(Movimientos!$F$2:$F$1993,MATCH(A82&"ENTRADA",Movimientos!$S$2:$S$1993,0)),"-")) -> Preemergente | E82: =IF(A82="","",IFERROR(INDEX(Movimientos!$L$2:$L$1993,MATCH(A82&"ENTRADA",Movimientos!$S$2:$S$1993,0)),"-")) -> L | F82: =IF(A82="","",COUNTIFS(Stock_por_Lote!$B:$B,A82,Stock_por_Lote!$J:$J,">0")) -> 0 | G82: =IF(A82="","",SUMIFS(Movimientos!$K:$K,Movimientos!$C:$C,A82)) -> 1100 | H82: =IF(A82="","",IFERROR(IF(_xlfn.MINIFS(Stock_por_Lote!$H:$H,Stock_por_Lote!$B:$B,A82,Stock_por_Lote!$J:$J,">0")=0,"S/D",_xlfn.MINIFS(Stock_por_Lote!$H:$H,Stock_por_Lote!$B:$B,A82,Stock_por_Lote!$J:$J,">0")),"S/D")) -> S/D
B83: =IF(A83="","",IFERROR(INDEX(Movimientos!$D$2:$D$1993,MATCH(A83&"ENTRADA",Movimientos!$S$2:$S$1993,0)),"-")) | C83: =IF(A83="","",IFERROR(INDEX(Movimientos!$E$2:$E$1993,MATCH(A83&"ENTRADA",Movimientos!$S$2:$S$1993,0)),"-")) | D83: =IF(A83="","",IFERROR(INDEX(Movimientos!$F$2:$F$1993,MATCH(A83&"ENTRADA",Movimientos!$S$2:$S$1993,0)),"-")) | E83: =IF(A83="","",IFERROR(INDEX(Movimientos!$L$2:$L$1993,MATCH(A83&"ENTRADA",Movimientos!$S$2:$S$1993,0)),"-")) | F83: =IF(A83="","",COUNTIFS(Stock_por_Lote!$B:$B,A83,Stock_por_Lote!$J:$J,">0")) | G83: =IF(A83="","",SUMIFS(Movimientos!$K:$K,Movimientos!$C:$C,A83)) | H83: =IF(A83="","",IFERROR(IF(_xlfn.MINIFS(Stock_por_Lote!$H:$H,Stock_por_Lote!$B:$B,A83,Stock_por_Lote!$J:$J,">0")=0,"S/D",_xlfn.MINIFS(Stock_por_Lote!$H:$H,Stock_por_Lote!$B:$B,A83,Stock_por_Lote!$J:$J,">0")),"S/D"))
B84: =IF(A84="","",IFERROR(INDEX(Movimientos!$D$2:$D$1993,MATCH(A84&"ENTRADA",Movimientos!$S$2:$S$1993,0)),"-")) | C84: =IF(A84="","",IFERROR(INDEX(Movimientos!$E$2:$E$1993,MATCH(A84&"ENTRADA",Movimientos!$S$2:$S$1993,0)),"-")) | D84: =IF(A84="","",IFERROR(INDEX(Movimientos!$F$2:$F$1993,MATCH(A84&"ENTRADA",Movimientos!$S$2:$S$1993,0)),"-")) | E84: =IF(A84="","",IFERROR(INDEX(Movimientos!$L$2:$L$1993,MATCH(A84&"ENTRADA",Movimientos!$S$2:$S$1993,0)),"-")) | F84: =IF(A84="","",COUNTIFS(Stock_por_Lote!$B:$B,A84,Stock_por_Lote!$J:$J,">0")) | G84: =IF(A84="","",SUMIFS(Movimientos!$K:$K,Movimientos!$C:$C,A84)) | H84: =IF(A84="","",IFERROR(IF(_xlfn.MINIFS(Stock_por_Lote!$H:$H,Stock_por_Lote!$B:$B,A84,Stock_por_Lote!$J:$J,">0")=0,"S/D",_xlfn.MINIFS(Stock_por_Lote!$H:$H,Stock_por_Lote!$B:$B,A84,Stock_por_Lote!$J:$J,">0")),"S/D"))
B85: =IF(A85="","",IFERROR(INDEX(Movimientos!$D$2:$D$1993,MATCH(A85&"ENTRADA",Movimientos!$S$2:$S$1993,0)),"-")) | C85: =IF(A85="","",IFERROR(INDEX(Movimientos!$E$2:$E$1993,MATCH(A85&"ENTRADA",Movimientos!$S$2:$S$1993,0)),"-")) | D85: =IF(A85="","",IFERROR(INDEX(Movimientos!$F$2:$F$1993,MATCH(A85&"ENTRADA",Movimientos!$S$2:$S$1993,0)),"-")) | E85: =IF(A85="","",IFERROR(INDEX(Movimientos!$L$2:$L$1993,MATCH(A85&"ENTRADA",Movimientos!$S$2:$S$1993,0)),"-")) | F85: =IF(A85="","",COUNTIFS(Stock_por_Lote!$B:$B,A85,Stock_por_Lote!$J:$J,">0")) | G85: =IF(A85="","",SUMIFS(Movimientos!$K:$K,Movimientos!$C:$C,A85)) | H85: =IF(A85="","",IFERROR(IF(_xlfn.MINIFS(Stock_por_Lote!$H:$H,Stock_por_Lote!$B:$B,A85,Stock_por_Lote!$J:$J,">0")=0,"S/D",_xlfn.MINIFS(Stock_por_Lote!$H:$H,Stock_por_Lote!$B:$B,A85,Stock_por_Lote!$J:$J,">0")),"S/D"))
B86: =IF(A86="","",IFERROR(INDEX(Movimientos!$D$2:$D$1993,MATCH(A86&"ENTRADA",Movimientos!$S$2:$S$1993,0)),"-")) | C86: =IF(A86="","",IFERROR(INDEX(Movimientos!$E$2:$E$1993,MATCH(A86&"ENTRADA",Movimientos!$S$2:$S$1993,0)),"-")) | D86: =IF(A86="","",IFERROR(INDEX(Movimientos!$F$2:$F$1993,MATCH(A86&"ENTRADA",Movimientos!$S$2:$S$1993,0)),"-")) | E86: =IF(A86="","",IFERROR(INDEX(Movimientos!$L$2:$L$1993,MATCH(A86&"ENTRADA",Movimientos!$S$2:$S$1993,0)),"-")) | F86: =IF(A86="","",COUNTIFS(Stock_por_Lote!$B:$B,A86,Stock_por_Lote!$J:$J,">0")) | G86: =IF(A86="","",SUMIFS(Movimientos!$K:$K,Movimientos!$C:$C,A86)) | H86: =IF(A86="","",IFERROR(IF(_xlfn.MINIFS(Stock_por_Lote!$H:$H,Stock_por_Lote!$B:$B,A86,Stock_por_Lote!$J:$J,">0")=0,"S/D",_xlfn.MINIFS(Stock_por_Lote!$H:$H,Stock_por_Lote!$B:$B,A86,Stock_por_Lote!$J:$J,">0")),"S/D"))
B87: =IF(A87="","",IFERROR(INDEX(Movimientos!$D$2:$D$1993,MATCH(A87&"ENTRADA",Movimientos!$S$2:$S$1993,0)),"-")) | C87: =IF(A87="","",IFERROR(INDEX(Movimientos!$E$2:$E$1993,MATCH(A87&"ENTRADA",Movimientos!$S$2:$S$1993,0)),"-")) | D87: =IF(A87="","",IFERROR(INDEX(Movimientos!$F$2:$F$1993,MATCH(A87&"ENTRADA",Movimientos!$S$2:$S$1993,0)),"-")) | E87: =IF(A87="","",IFERROR(INDEX(Movimientos!$L$2:$L$1993,MATCH(A87&"ENTRADA",Movimientos!$S$2:$S$1993,0)),"-")) | F87: =IF(A87="","",COUNTIFS(Stock_por_Lote!$B:$B,A87,Stock_por_Lote!$J:$J,">0")) | G87: =IF(A87="","",SUMIFS(Movimientos!$K:$K,Movimientos!$C:$C,A87)) | H87: =IF(A87="","",IFERROR(IF(_xlfn.MINIFS(Stock_por_Lote!$H:$H,Stock_por_Lote!$B:$B,A87,Stock_por_Lote!$J:$J,">0")=0,"S/D",_xlfn.MINIFS(Stock_por_Lote!$H:$H,Stock_por_Lote!$B:$B,A87,Stock_por_Lote!$J:$J,">0")),"S/D"))
B88: =IF(A88="","",IFERROR(INDEX(Movimientos!$D$2:$D$1993,MATCH(A88&"ENTRADA",Movimientos!$S$2:$S$1993,0)),"-")) | C88: =IF(A88="","",IFERROR(INDEX(Movimientos!$E$2:$E$1993,MATCH(A88&"ENTRADA",Movimientos!$S$2:$S$1993,0)),"-")) | D88: =IF(A88="","",IFERROR(INDEX(Movimientos!$F$2:$F$1993,MATCH(A88&"ENTRADA",Movimientos!$S$2:$S$1993,0)),"-")) | E88: =IF(A88="","",IFERROR(INDEX(Movimientos!$L$2:$L$1993,MATCH(A88&"ENTRADA",Movimientos!$S$2:$S$1993,0)),"-")) | F88: =IF(A88="","",COUNTIFS(Stock_por_Lote!$B:$B,A88,Stock_por_Lote!$J:$J,">0")) | G88: =IF(A88="","",SUMIFS(Movimientos!$K:$K,Movimientos!$C:$C,A88)) | H88: =IF(A88="","",IFERROR(IF(_xlfn.MINIFS(Stock_por_Lote!$H:$H,Stock_por_Lote!$B:$B,A88,Stock_por_Lote!$J:$J,">0")=0,"S/D",_xlfn.MINIFS(Stock_por_Lote!$H:$H,Stock_por_Lote!$B:$B,A88,Stock_por_Lote!$J:$J,">0")),"S/D"))
B89: =IF(A89="","",IFERROR(INDEX(Movimientos!$D$2:$D$1993,MATCH(A89&"ENTRADA",Movimientos!$S$2:$S$1993,0)),"-")) | C89: =IF(A89="","",IFERROR(INDEX(Movimientos!$E$2:$E$1993,MATCH(A89&"ENTRADA",Movimientos!$S$2:$S$1993,0)),"-")) | D89: =IF(A89="","",IFERROR(INDEX(Movimientos!$F$2:$F$1993,MATCH(A89&"ENTRADA",Movimientos!$S$2:$S$1993,0)),"-")) | E89: =IF(A89="","",IFERROR(INDEX(Movimientos!$L$2:$L$1993,MATCH(A89&"ENTRADA",Movimientos!$S$2:$S$1993,0)),"-")) | F89: =IF(A89="","",COUNTIFS(Stock_por_Lote!$B:$B,A89,Stock_por_Lote!$J:$J,">0")) | G89: =IF(A89="","",SUMIFS(Movimientos!$K:$K,Movimientos!$C:$C,A89)) | H89: =IF(A89="","",IFERROR(IF(_xlfn.MINIFS(Stock_por_Lote!$H:$H,Stock_por_Lote!$B:$B,A89,Stock_por_Lote!$J:$J,">0")=0,"S/D",_xlfn.MINIFS(Stock_por_Lote!$H:$H,Stock_por_Lote!$B:$B,A89,Stock_por_Lote!$J:$J,">0")),"S/D"))
B90: =IF(A90="","",IFERROR(INDEX(Movimientos!$D$2:$D$1993,MATCH(A90&"ENTRADA",Movimientos!$S$2:$S$1993,0)),"-")) | C90: =IF(A90="","",IFERROR(INDEX(Movimientos!$E$2:$E$1993,MATCH(A90&"ENTRADA",Movimientos!$S$2:$S$1993,0)),"-")) | D90: =IF(A90="","",IFERROR(INDEX(Movimientos!$F$2:$F$1993,MATCH(A90&"ENTRADA",Movimientos!$S$2:$S$1993,0)),"-")) | E90: =IF(A90="","",IFERROR(INDEX(Movimientos!$L$2:$L$1993,MATCH(A90&"ENTRADA",Movimientos!$S$2:$S$1993,0)),"-")) | F90: =IF(A90="","",COUNTIFS(Stock_por_Lote!$B:$B,A90,Stock_por_Lote!$J:$J,">0")) | G90: =IF(A90="","",SUMIFS(Movimientos!$K:$K,Movimientos!$C:$C,A90)) | H90: =IF(A90="","",IFERROR(IF(_xlfn.MINIFS(Stock_por_Lote!$H:$H,Stock_por_Lote!$B:$B,A90,Stock_por_Lote!$J:$J,">0")=0,"S/D",_xlfn.MINIFS(Stock_por_Lote!$H:$H,Stock_por_Lote!$B:$B,A90,Stock_por_Lote!$J:$J,">0")),"S/D"))
B91: =IF(A91="","",IFERROR(INDEX(Movimientos!$D$2:$D$1993,MATCH(A91&"ENTRADA",Movimientos!$S$2:$S$1993,0)),"-")) | C91: =IF(A91="","",IFERROR(INDEX(Movimientos!$E$2:$E$1993,MATCH(A91&"ENTRADA",Movimientos!$S$2:$S$1993,0)),"-")) | D91: =IF(A91="","",IFERROR(INDEX(Movimientos!$F$2:$F$1993,MATCH(A91&"ENTRADA",Movimientos!$S$2:$S$1993,0)),"-")) | E91: =IF(A91="","",IFERROR(INDEX(Movimientos!$L$2:$L$1993,MATCH(A91&"ENTRADA",Movimientos!$S$2:$S$1993,0)),"-")) | F91: =IF(A91="","",COUNTIFS(Stock_por_Lote!$B:$B,A91,Stock_por_Lote!$J:$J,">0")) | G91: =IF(A91="","",SUMIFS(Movimientos!$K:$K,Movimientos!$C:$C,A91)) | H91: =IF(A91="","",IFERROR(IF(_xlfn.MINIFS(Stock_por_Lote!$H:$H,Stock_por_Lote!$B:$B,A91,Stock_por_Lote!$J:$J,">0")=0,"S/D",_xlfn.MINIFS(Stock_por_Lote!$H:$H,Stock_por_Lote!$B:$B,A91,Stock_por_Lote!$J:$J,">0")),"S/D"))
B92: =IF(A92="","",IFERROR(INDEX(Movimientos!$D$2:$D$1993,MATCH(A92&"ENTRADA",Movimientos!$S$2:$S$1993,0)),"-")) | C92: =IF(A92="","",IFERROR(INDEX(Movimientos!$E$2:$E$1993,MATCH(A92&"ENTRADA",Movimientos!$S$2:$S$1993,0)),"-")) | D92: =IF(A92="","",IFERROR(INDEX(Movimientos!$F$2:$F$1993,MATCH(A92&"ENTRADA",Movimientos!$S$2:$S$1993,0)),"-")) | E92: =IF(A92="","",IFERROR(INDEX(Movimientos!$L$2:$L$1993,MATCH(A92&"ENTRADA",Movimientos!$S$2:$S$1993,0)),"-")) | F92: =IF(A92="","",COUNTIFS(Stock_por_Lote!$B:$B,A92,Stock_por_Lote!$J:$J,">0")) | G92: =IF(A92="","",SUMIFS(Movimientos!$K:$K,Movimientos!$C:$C,A92)) | H92: =IF(A92="","",IFERROR(IF(_xlfn.MINIFS(Stock_por_Lote!$H:$H,Stock_por_Lote!$B:$B,A92,Stock_por_Lote!$J:$J,">0")=0,"S/D",_xlfn.MINIFS(Stock_por_Lote!$H:$H,Stock_por_Lote!$B:$B,A92,Stock_por_Lote!$J:$J,">0")),"S/D"))
B93: =IF(A93="","",IFERROR(INDEX(Movimientos!$D$2:$D$1993,MATCH(A93&"ENTRADA",Movimientos!$S$2:$S$1993,0)),"-")) | C93: =IF(A93="","",IFERROR(INDEX(Movimientos!$E$2:$E$1993,MATCH(A93&"ENTRADA",Movimientos!$S$2:$S$1993,0)),"-")) | D93: =IF(A93="","",IFERROR(INDEX(Movimientos!$F$2:$F$1993,MATCH(A93&"ENTRADA",Movimientos!$S$2:$S$1993,0)),"-")) | E93: =IF(A93="","",IFERROR(INDEX(Movimientos!$L$2:$L$1993,MATCH(A93&"ENTRADA",Movimientos!$S$2:$S$1993,0)),"-")) | F93: =IF(A93="","",COUNTIFS(Stock_por_Lote!$B:$B,A93,Stock_por_Lote!$J:$J,">0")) | G93: =IF(A93="","",SUMIFS(Movimientos!$K:$K,Movimientos!$C:$C,A93)) | H93: =IF(A93="","",IFERROR(IF(_xlfn.MINIFS(Stock_por_Lote!$H:$H,Stock_por_Lote!$B:$B,A93,Stock_por_Lote!$J:$J,">0")=0,"S/D",_xlfn.MINIFS(Stock_por_Lote!$H:$H,Stock_por_Lote!$B:$B,A93,Stock_por_Lote!$J:$J,">0")),"S/D"))
B94: =IF(A94="","",IFERROR(INDEX(Movimientos!$D$2:$D$1993,MATCH(A94&"ENTRADA",Movimientos!$S$2:$S$1993,0)),"-")) | C94: =IF(A94="","",IFERROR(INDEX(Movimientos!$E$2:$E$1993,MATCH(A94&"ENTRADA",Movimientos!$S$2:$S$1993,0)),"-")) | D94: =IF(A94="","",IFERROR(INDEX(Movimientos!$F$2:$F$1993,MATCH(A94&"ENTRADA",Movimientos!$S$2:$S$1993,0)),"-")) | E94: =IF(A94="","",IFERROR(INDEX(Movimientos!$L$2:$L$1993,MATCH(A94&"ENTRADA",Movimientos!$S$2:$S$1993,0)),"-")) | F94: =IF(A94="","",COUNTIFS(Stock_por_Lote!$B:$B,A94,Stock_por_Lote!$J:$J,">0")) | G94: =IF(A94="","",SUMIFS(Movimientos!$K:$K,Movimientos!$C:$C,A94)) | H94: =IF(A94="","",IFERROR(IF(_xlfn.MINIFS(Stock_por_Lote!$H:$H,Stock_por_Lote!$B:$B,A94,Stock_por_Lote!$J:$J,">0")=0,"S/D",_xlfn.MINIFS(Stock_por_Lote!$H:$H,Stock_por_Lote!$B:$B,A94,Stock_por_Lote!$J:$J,">0")),"S/D"))
... B112: =IF(A112="","",IFERROR(INDEX(Movimientos!$D$2:$D$1993,MATCH(A112&"ENTRADA",Movimientos!$S$2:$S$1993,0)),"-")) | C112: =IF(A112="","",IFERROR(INDEX(Movimientos!$E$2:$E$1993,MATCH(A112&"ENTRADA",Movimientos!$S$2:$S$1993,0)),"-")) | D112: =IF(A112="","",IFERROR(INDEX(Movimientos!$F$2:$F$1993,MATCH(A112&"ENTRADA",Movimientos!$S$2:$S$1993,0)),"-")) | E112: =IF(A112="","",IFERROR(INDEX(Movimientos!$L$2:$L$1993,MATCH(A112&"ENTRADA",Movimientos!$S$2:$S$1993,0)),"-")) | F112: =IF(A112="","",COUNTIFS(Stock_por_Lote!$B:$B,A112,Stock_por_Lote!$J:$J,">0")) | G112: =IF(A112="","",SUMIFS(Movimientos!$K:$K,Movimientos!$C:$C,A112)) | H112: =IF(A112="","",IFERROR(IF(_xlfn.MINIFS(Stock_por_Lote!$H:$H,Stock_por_Lote!$B:$B,A112,Stock_por_Lote!$J:$J,">0")=0,"S/D",_xlfn.MINIFS(Stock_por_Lote!$H:$H,Stock_por_Lote!$B:$B,A112,Stock_por_Lote!$J:$J,">0")),"S/D"))

Sheet Stock_por_Lote
A1: ID_Lote (escribir aquí) | B1: Producto | C1: Principio Activo/Variedad | D1: Tipo | E1: Subtipo | F1: Proveedor | G1: Unidad | H1: Vencimiento | I1: Días a vencimiento | J1: Stock Actual | K1: Estado
A2: 260324-001 | B2: =IFERROR(INDEX(Movimientos!$C$2:$C$1993,MATCH(A2&"ENTRADA",Movimientos!$R$2:$R$1993,0)),"-") -> Colza Curry CL | C2: =IFERROR(INDEX(Movimientos!$D$2:$D$1993,MATCH(A2&"ENTRADA",Movimientos!$R$2:$R$1993,0)),"-") -> CURRY CL | D2: =IFERROR(INDEX(Movimientos!$E$2:$E$1993,MATCH(A2&"ENTRADA",Movimientos!$R$2:$R$1993,0)),"-") -> Semilla | E2: =IFERROR(INDEX(Movimientos!$F$2:$F$1993,MATCH(A2&"ENTRADA",Movimientos!$R$2:$R$1993,0)),"-") -> Colza | F2: =IFERROR(INDEX(Movimientos!$G$2:$G$1993,MATCH(A2&"ENTRADA",Movimientos!$R$2:$R$1993,0)),"-") -> ERRO | G2: =IFERROR(INDEX(Movimientos!$L$2:$L$1993,MATCH(A2&"ENTRADA",Movimientos!$R$2:$R$1993,0)),"-") -> kg | H2: =IFERROR(IF(INDEX(Movimientos!$M$2:$M$1993,MATCH(A2&"ENTRADA",Movimientos!$R$2:$R$1993,0))=0,"S/D",INDEX(Movimientos!$M$2:$M$1993,MATCH(A2&"ENTRADA",Movimientos!$R$2:$R$1993,0))),"S/D") -> S/D | I2: =IF(OR(A2="",H2="S/D"),"S/D",H2-TODAY()) -> S/D | J2: =IF(A2="","",SUMIFS(Movimientos!$K:$K,Movimientos!$H:$H,A2)) -> 0 | K2: =IF(A2="","",IF(J2<0.01,"SIN STOCK",IF(H2="S/D","OK",IF(H2<TODAY(),"VENCIDO",IF(I2>=180,"OK","PRÓXIMO A VENCER"))))) -> SIN STOCK
A3: 260401-002 | B3: =IFERROR(INDEX(Movimientos!$C$2:$C$1993,MATCH(A3&"ENTRADA",Movimientos!$R$2:$R$1993,0)),"-") -> Korvetto | C3: =IFERROR(INDEX(Movimientos!$D$2:$D$1993,MATCH(A3&"ENTRADA",Movimientos!$R$2:$R$1993,0)),"-") -> Clopyralid 12% + Halauxyfen methyl 0,51% | D3: =IFERROR(INDEX(Movimientos!$E$2:$E$1993,MATCH(A3&"ENTRADA",Movimientos!$R$2:$R$1993,0)),"-") -> Herbicida | E3: =IFERROR(INDEX(Movimientos!$F$2:$F$1993,MATCH(A3&"ENTRADA",Movimientos!$R$2:$R$1993,0)),"-") -> Postemergente | F3: =IFERROR(INDEX(Movimientos!$G$2:$G$1993,MATCH(A3&"ENTRADA",Movimientos!$R$2:$R$1993,0)),"-") -> GS Agro | G3: =IFERROR(INDEX(Movimientos!$L$2:$L$1993,MATCH(A3&"ENTRADA",Movimientos!$R$2:$R$1993,0)),"-") -> L | H3: =IFERROR(IF(INDEX(Movimientos!$M$2:$M$1993,MATCH(A3&"ENTRADA",Movimientos!$R$2:$R$1993,0))=0,"S/D",INDEX(Movimientos!$M$2:$M$1993,MATCH(A3&"ENTRADA",Movimientos!$R$2:$R$1993,0))),"S/D") -> 46710 | I3: =IF(OR(A3="",H3="S/D"),"S/D",H3-TODAY()) -> 401 | J3: =IF(A3="","",SUMIFS(Movimientos!$K:$K,Movimientos!$H:$H,A3)) -> 10 | K3: =IF(A3="","",IF(J3<0.01,"SIN STOCK",IF(H3="S/D","OK",IF(H3<TODAY(),"VENCIDO",IF(I3>=180,"OK","PRÓXIMO A VENCER"))))) -> OK
A4: 260401-003 | B4: =IFERROR(INDEX(Movimientos!$C$2:$C$1993,MATCH(A4&"ENTRADA",Movimientos!$R$2:$R$1993,0)),"-") -> Lontrel | C4: =IFERROR(INDEX(Movimientos!$D$2:$D$1993,MATCH(A4&"ENTRADA",Movimientos!$R$2:$R$1993,0)),"-") -> Clopyralid sal monoetanolamina 40.9% | D4: =IFERROR(INDEX(Movimientos!$E$2:$E$1993,MATCH(A4&"ENTRADA",Movimientos!$R$2:$R$1993,0)),"-") -> Herbicida | E4: =IFERROR(INDEX(Movimientos!$F$2:$F$1993,MATCH(A4&"ENTRADA",Movimientos!$R$2:$R$1993,0)),"-") -> Postemergente | F4: =IFERROR(INDEX(Movimientos!$G$2:$G$1993,MATCH(A4&"ENTRADA",Movimientos!$R$2:$R$1993,0)),"-") -> GS Agro | G4: =IFERROR(INDEX(Movimientos!$L$2:$L$1993,MATCH(A4&"ENTRADA",Movimientos!$R$2:$R$1993,0)),"-") -> L | H4: =IFERROR(IF(INDEX(Movimientos!$M$2:$M$1993,MATCH(A4&"ENTRADA",Movimientos!$R$2:$R$1993,0))=0,"S/D",INDEX(Movimientos!$M$2:$M$1993,MATCH(A4&"ENTRADA",Movimientos!$R$2:$R$1993,0))),"S/D") -> 46500 | I4: =IF(OR(A4="",H4="S/D"),"S/D",H4-TODAY()) -> 191 | J4: =IF(A4="","",SUMIFS(Movimientos!$K:$K,Movimientos!$H:$H,A4)) -> 255 | K4: =IF(A4="","",IF(J4<0.01,"SIN STOCK",IF(H4="S/D","OK",IF(H4<TODAY(),"VENCIDO",IF(I4>=180,"OK","PRÓXIMO A VENCER"))))) -> OK
A5: 260401-004 | B5: =IFERROR(INDEX(Movimientos!$C$2:$C$1993,MATCH(A5&"ENTRADA",Movimientos!$R$2:$R$1993,0)),"-") -> Preside | C5: =IFERROR(INDEX(Movimientos!$D$2:$D$1993,MATCH(A5&"ENTRADA",Movimientos!$R$2:$R$1993,0)),"-") -> Flumetsulam 11,35% | D5: =IFERROR(INDEX(Movimientos!$E$2:$E$1993,MATCH(A5&"ENTRADA",Movimientos!$R$2:$R$1993,0)),"-") -> Herbicida | E5: =IFERROR(INDEX(Movimientos!$F$2:$F$1993,MATCH(A5&"ENTRADA",Movimientos!$R$2:$R$1993,0)),"-") -> Preemergente | F5: =IFERROR(INDEX(Movimientos!$G$2:$G$1993,MATCH(A5&"ENTRADA",Movimientos!$R$2:$R$1993,0)),"-") -> GS Agro | G5: =IFERROR(INDEX(Movimientos!$L$2:$L$1993,MATCH(A5&"ENTRADA",Movimientos!$R$2:$R$1993,0)),"-") -> L | H5: =IFERROR(IF(INDEX(Movimientos!$M$2:$M$1993,MATCH(A5&"ENTRADA",Movimientos!$R$2:$R$1993,0))=0,"S/D",INDEX(Movimientos!$M$2:$M$1993,MATCH(A5&"ENTRADA",Movimientos!$R$2:$R$1993,0))),"S/D") -> 46528 | I5: =IF(OR(A5="",H5="S/D"),"S/D",H5-TODAY()) -> 219 | J5: =IF(A5="","",SUMIFS(Movimientos!$K:$K,Movimientos!$H:$H,A5)) -> 1820 | K5: =IF(A5="","",IF(J5<0.01,"SIN STOCK",IF(H5="S/D","OK",IF(H5<TODAY(),"VENCIDO",IF(I5>=180,"OK","PRÓXIMO A VENCER"))))) -> OK
A6: 260401-005 | B6: =IFERROR(INDEX(Movimientos!$C$2:$C$1993,MATCH(A6&"ENTRADA",Movimientos!$R$2:$R$1993,0)),"-") -> Preside | C6: =IFERROR(INDEX(Movimientos!$D$2:$D$1993,MATCH(A6&"ENTRADA",Movimientos!$R$2:$R$1993,0)),"-") -> Flumetsulam 11,35% | D6: =IFERROR(INDEX(Movimientos!$E$2:$E$1993,MATCH(A6&"ENTRADA",Movimientos!$R$2:$R$1993,0)),"-") -> Herbicida | E6: =IFERROR(INDEX(Movimientos!$F$2:$F$1993,MATCH(A6&"ENTRADA",Movimientos!$R$2:$R$1993,0)),"-") -> Preemergente | F6: =IFERROR(INDEX(Movimientos!$G$2:$G$1993,MATCH(A6&"ENTRADA",Movimientos!$R$2:$R$1993,0)),"-") -> GS Agro | G6: =IFERROR(INDEX(Movimientos!$L$2:$L$1993,MATCH(A6&"ENTRADA",Movimientos!$R$2:$R$1993,0)),"-") -> L | H6: =IFERROR(IF(INDEX(Movimientos!$M$2:$M$1993,MATCH(A6&"ENTRADA",Movimientos!$R$2:$R$1993,0))=0,"S/D",INDEX(Movimientos!$M$2:$M$1993,MATCH(A6&"ENTRADA",Movimientos!$R$2:$R$1993,0))),"S/D") -> 46761 | I6: =IF(OR(A6="",H6="S/D"),"S/D",H6-TODAY()) -> 452 | J6: =IF(A6="","",SUMIFS(Movimientos!$K:$K,Movimientos!$H:$H,A6)) -> 100 | K6: =IF(A6="","",IF(J6<0.01,"SIN STOCK",IF(H6="S/D","OK",IF(H6<TODAY(),"VENCIDO",IF(I6>=180,"OK","PRÓXIMO A VENCER"))))) -> OK
A7: 260401-006 | B7: =IFERROR(INDEX(Movimientos!$C$2:$C$1993,MATCH(A7&"ENTRADA",Movimientos!$R$2:$R$1993,0)),"-") -> Tordon 24K | C7: =IFERROR(INDEX(Movimientos!$D$2:$D$1993,MATCH(A7&"ENTRADA",Movimientos!$R$2:$R$1993,0)),"-") -> Picloram 24,9% | D7: =IFERROR(INDEX(Movimientos!$E$2:$E$1993,MATCH(A7&"ENTRADA",Movimientos!$R$2:$R$1993,0)),"-") -> Herbicida | E7: =IFERROR(INDEX(Movimientos!$F$2:$F$1993,MATCH(A7&"ENTRADA",Movimientos!$R$2:$R$1993,0)),"-") -> Postemergente | F7: =IFERROR(INDEX(Movimientos!$G$2:$G$1993,MATCH(A7&"ENTRADA",Movimientos!$R$2:$R$1993,0)),"-") -> GS Agro | G7: =IFERROR(INDEX(Movimientos!$L$2:$L$1993,MATCH(A7&"ENTRADA",Movimientos!$R$2:$R$1993,0)),"-") -> L | H7: =IFERROR(IF(INDEX(Movimientos!$M$2:$M$1993,MATCH(A7&"ENTRADA",Movimientos!$R$2:$R$1993,0))=0,"S/D",INDEX(Movimientos!$M$2:$M$1993,MATCH(A7&"ENTRADA",Movimientos!$R$2:$R$1993,0))),"S/D") -> 46517 | I7: =IF(OR(A7="",H7="S/D"),"S/D",H7-TODAY()) -> 208 | J7: =IF(A7="","",SUMIFS(Movimientos!$K:$K,Movimientos!$H:$H,A7)) -> 70 | K7: =IF(A7="","",IF(J7<0.01,"SIN STOCK",IF(H7="S/D","OK",IF(H7<TODAY(),"VENCIDO",IF(I7>=180,"OK","PRÓXIMO A VENCER"))))) -> OK
A8: 260401-007 | B8: =IFERROR(INDEX(Movimientos!$C$2:$C$1993,MATCH(A8&"ENTRADA",Movimientos!$R$2:$R$1993,0)),"-") -> Tronador | C8: =IFERROR(INDEX(Movimientos!$D$2:$D$1993,MATCH(A8&"ENTRADA",Movimientos!$R$2:$R$1993,0)),"-") -> Halauxifen metil 3.3% + Aminopyralid 2.7% + Metsulfuron metil 20% | D8: =IFERROR(INDEX(Movimientos!$E$2:$E$1993,MATCH(A8&"ENTRADA",Movimientos!$R$2:$R$1993,0)),"-") -> Herbicida | E8: =IFERROR(INDEX(Movimientos!$F$2:$F$1993,MATCH(A8&"ENTRADA",Movimientos!$R$2:$R$1993,0)),"-") -> Postemergente | F8: =IFERROR(INDEX(Movimientos!$G$2:$G$1993,MATCH(A8&"ENTRADA",Movimientos!$R$2:$R$1993,0)),"-") -> GS Agro | G8: =IFERROR(INDEX(Movimientos!$L$2:$L$1993,MATCH(A8&"ENTRADA",Movimientos!$R$2:$R$1993,0)),"-") -> Pack | H8: =IFERROR(IF(INDEX(Movimientos!$M$2:$M$1993,MATCH(A8&"ENTRADA",Movimientos!$R$2:$R$1993,0))=0,"S/D",INDEX(Movimientos!$M$2:$M$1993,MATCH(A8&"ENTRADA",Movimientos!$R$2:$R$1993,0))),"S/D") -> 46443 | I8: =IF(OR(A8="",H8="S/D"),"S/D",H8-TODAY()) -> 134 | J8: =IF(A8="","",SUMIFS(Movimientos!$K:$K,Movimientos!$H:$H,A8)) -> 0 | K8: =IF(A8="","",IF(J8<0.01,"SIN STOCK",IF(H8="S/D","OK",IF(H8<TODAY(),"VENCIDO",IF(I8>=180,"OK","PRÓXIMO A VENCER"))))) -> SIN STOCK
A9: 260401-008 | B9: =IFERROR(INDEX(Movimientos!$C$2:$C$1993,MATCH(A9&"ENTRADA",Movimientos!$R$2:$R$1993,0)),"-") -> Venceweed extra | C9: =IFERROR(INDEX(Movimientos!$D$2:$D$1993,MATCH(A9&"ENTRADA",Movimientos!$R$2:$R$1993,0)),"-") -> 2,4-Db-Butilo 93.1% | D9: =IFERROR(INDEX(Movimientos!$E$2:$E$1993,MATCH(A9&"ENTRADA",Movimientos!$R$2:$R$1993,0)),"-") -> Herbicida | E9: =IFERROR(INDEX(Movimientos!$F$2:$F$1993,MATCH(A9&"ENTRADA",Movimientos!$R$2:$R$1993,0)),"-") -> Postemergente | F9: =IFERROR(INDEX(Movimientos!$G$2:$G$1993,MATCH(A9&"ENTRADA",Movimientos!$R$2:$R$1993,0)),"-") -> GS Agro | G9: =IFERROR(INDEX(Movimientos!$L$2:$L$1993,MATCH(A9&"ENTRADA",Movimientos!$R$2:$R$1993,0)),"-") -> L | H9: =IFERROR(IF(INDEX(Movimientos!$M$2:$M$1993,MATCH(A9&"ENTRADA",Movimientos!$R$2:$R$1993,0))=0,"S/D",INDEX(Movimientos!$M$2:$M$1993,MATCH(A9&"ENTRADA",Movimientos!$R$2:$R$1993,0))),"S/D") -> 46737 | I9: =IF(OR(A9="",H9="S/D"),"S/D",H9-TODAY()) -> 428 | J9: =IF(A9="","",SUMIFS(Movimientos!$K:$K,Movimientos!$H:$H,A9)) -> 1700 | K9: =IF(A9="","",IF(J9<0.01,"SIN STOCK",IF(H9="S/D","OK",IF(H9<TODAY(),"VENCIDO",IF(I9>=180,"OK","PRÓXIMO A VENCER"))))) -> OK
A10: 260406-011 | B10: =IFERROR(INDEX(Movimientos!$C$2:$C$1993,MATCH(A10&"ENTRADA",Movimientos!$R$2:$R$1993,0)),"-") -> Silobolsa | C10: =IFERROR(INDEX(Movimientos!$D$2:$D$1993,MATCH(A10&"ENTRADA",Movimientos!$R$2:$R$1993,0)),"-") -> Silobolsa 9 pies | D10: =IFERROR(INDEX(Movimientos!$E$2:$E$1993,MATCH(A10&"ENTRADA",Movimientos!$R$2:$R$1993,0)),"-") -> Silobolsa | E10: =IFERROR(INDEX(Movimientos!$F$2:$F$1993,MATCH(A10&"ENTRADA",Movimientos!$R$2:$R$1993,0)),"-") -> 0 | F10: =IFERROR(INDEX(Movimientos!$G$2:$G$1993,MATCH(A10&"ENTRADA",Movimientos!$R$2:$R$1993,0)),"-") -> AYP Agrogestiones | G10: =IFERROR(INDEX(Movimientos!$L$2:$L$1993,MATCH(A10&"ENTRADA",Movimientos!$R$2:$R$1993,0)),"-") -> unidad | H10: =IFERROR(IF(INDEX(Movimientos!$M$2:$M$1993,MATCH(A10&"ENTRADA",Movimientos!$R$2:$R$1993,0))=0,"S/D",INDEX(Movimientos!$M$2:$M$1993,MATCH(A10&"ENTRADA",Movimientos!$R$2:$R$1993,0))),"S/D") -> S/D | I10: =IF(OR(A10="",H10="S/D"),"S/D",H10-TODAY()) -> S/D | J10: =IF(A10="","",SUMIFS(Movimientos!$K:$K,Movimientos!$H:$H,A10)) -> 0 | K10: =IF(A10="","",IF(J10<0.01,"SIN STOCK",IF(H10="S/D","OK",IF(H10<TODAY(),"VENCIDO",IF(I10>=180,"OK","PRÓXIMO A VENCER"))))) -> SIN STOCK
A11: 260407-012 | B11: =IFERROR(INDEX(Movimientos!$C$2:$C$1993,MATCH(A11&"ENTRADA",Movimientos!$R$2:$R$1993,0)),"-") -> Dedalo elite | C11: =IFERROR(INDEX(Movimientos!$D$2:$D$1993,MATCH(A11&"ENTRADA",Movimientos!$R$2:$R$1993,0)),"-") -> 2,4 D Acido 27.2% | D11: =IFERROR(INDEX(Movimientos!$E$2:$E$1993,MATCH(A11&"ENTRADA",Movimientos!$R$2:$R$1993,0)),"-") -> Herbicida | E11: =IFERROR(INDEX(Movimientos!$F$2:$F$1993,MATCH(A11&"ENTRADA",Movimientos!$R$2:$R$1993,0)),"-") -> Postemergente | F11: =IFERROR(INDEX(Movimientos!$G$2:$G$1993,MATCH(A11&"ENTRADA",Movimientos!$R$2:$R$1993,0)),"-") -> Agromil | G11: =IFERROR(INDEX(Movimientos!$L$2:$L$1993,MATCH(A11&"ENTRADA",Movimientos!$R$2:$R$1993,0)),"-") -> L | H11: =IFERROR(IF(INDEX(Movimientos!$M$2:$M$1993,MATCH(A11&"ENTRADA",Movimientos!$R$2:$R$1993,0))=0,"S/D",INDEX(Movimientos!$M$2:$M$1993,MATCH(A11&"ENTRADA",Movimientos!$R$2:$R$1993,0))),"S/D") -> 46725 | I11: =IF(OR(A11="",H11="S/D"),"S/D",H11-TODAY()) -> 416 | J11: =IF(A11="","",SUMIFS(Movimientos!$K:$K,Movimientos!$H:$H,A11)) -> 5960 | K11: =IF(A11="","",IF(J11<0.01,"SIN STOCK",IF(H11="S/D","OK",IF(H11<TODAY(),"VENCIDO",IF(I11>=180,"OK","PRÓXIMO A VENCER"))))) -> OK
A12: 260408-013 | B12: =IFERROR(INDEX(Movimientos!$C$2:$C$1993,MATCH(A12&"ENTRADA",Movimientos!$R$2:$R$1993,0)),"-") -> Raigrás E284 | C12: =IFERROR(INDEX(Movimientos!$D$2:$D$1993,MATCH(A12&"ENTRADA",Movimientos!$R$2:$R$1993,0)),"-") -> Estanzuela 284 | D12: =IFERROR(INDEX(Movimientos!$E$2:$E$1993,MATCH(A12&"ENTRADA",Movimientos!$R$2:$R$1993,0)),"-") -> Semilla | E12: =IFERROR(INDEX(Movimientos!$F$2:$F$1993,MATCH(A12&"ENTRADA",Movimientos!$R$2:$R$1993,0)),"-") -> Raigrás | F12: =IFERROR(INDEX(Movimientos!$G$2:$G$1993,MATCH(A12&"ENTRADA",Movimientos!$R$2:$R$1993,0)),"-") -> Granicor | G12: =IFERROR(INDEX(Movimientos!$L$2:$L$1993,MATCH(A12&"ENTRADA",Movimientos!$R$2:$R$1993,0)),"-") -> kg | H12: =IFERROR(IF(INDEX(Movimientos!$M$2:$M$1993,MATCH(A12&"ENTRADA",Movimientos!$R$2:$R$1993,0))=0,"S/D",INDEX(Movimientos!$M$2:$M$1993,MATCH(A12&"ENTRADA",Movimientos!$R$2:$R$1993,0))),"S/D") -> S/D | I12: =IF(OR(A12="",H12="S/D"),"S/D",H12-TODAY()) -> S/D | J12: =IF(A12="","",SUMIFS(Movimientos!$K:$K,Movimientos!$H:$H,A12)) -> 0 | K12: =IF(A12="","",IF(J12<0.01,"SIN STOCK",IF(H12="S/D","OK",IF(H12<TODAY(),"VENCIDO",IF(I12>=180,"OK","PRÓXIMO A VENCER"))))) -> SIN STOCK
A13: 260408-014 | B13: =IFERROR(INDEX(Movimientos!$C$2:$C$1993,MATCH(A13&"ENTRADA",Movimientos!$R$2:$R$1993,0)),"-") -> Starane Xtra | C13: =IFERROR(INDEX(Movimientos!$D$2:$D$1993,MATCH(A13&"ENTRADA",Movimientos!$R$2:$R$1993,0)),"-") -> Fluroxypyr Meptil 45,52% | D13: =IFERROR(INDEX(Movimientos!$E$2:$E$1993,MATCH(A13&"ENTRADA",Movimientos!$R$2:$R$1993,0)),"-") -> Herbicida | E13: =IFERROR(INDEX(Movimientos!$F$2:$F$1993,MATCH(A13&"ENTRADA",Movimientos!$R$2:$R$1993,0)),"-") -> Postemergente | F13: =IFERROR(INDEX(Movimientos!$G$2:$G$1993,MATCH(A13&"ENTRADA",Movimientos!$R$2:$R$1993,0)),"-") -> GS Agro | G13: =IFERROR(INDEX(Movimientos!$L$2:$L$1993,MATCH(A13&"ENTRADA",Movimientos!$R$2:$R$1993,0)),"-") -> L | H13: =IFERROR(IF(INDEX(Movimientos!$M$2:$M$1993,MATCH(A13&"ENTRADA",Movimientos!$R$2:$R$1993,0))=0,"S/D",INDEX(Movimientos!$M$2:$M$1993,MATCH(A13&"ENTRADA",Movimientos!$R$2:$R$1993,0))),"S/D") -> 46509 | I13: =IF(OR(A13="",H13="S/D"),"S/D",H13-TODAY()) -> 200 | J13: =IF(A13="","",SUMIFS(Movimientos!$K:$K,Movimientos!$H:$H,A13)) -> 0 | K13: =IF(A13="","",IF(J13<0.01,"SIN STOCK",IF(H13="S/D","OK",IF(H13<TODAY(),"VENCIDO",IF(I13>=180,"OK","PRÓXIMO A VENCER"))))) -> SIN STOCK
... A57: 260429-105 | B57: =IFERROR(INDEX(Movimientos!$C$2:$C$1993,MATCH(A57&"ENTRADA",Movimientos!$R$2:$R$1993,0)),"-") -> Silobolsa | C57: =IFERROR(INDEX(Movimientos!$D$2:$D$1993,MATCH(A57&"ENTRADA",Movimientos!$R$2:$R$1993,0)),"-") -> Silobolsa 9 pies | D57: =IFERROR(INDEX(Movimientos!$E$2:$E$1993,MATCH(A57&"ENTRADA",Movimientos!$R$2:$R$1993,0)),"-") -> Silobolsa | E57: =IFERROR(INDEX(Movimientos!$F$2:$F$1993,MATCH(A57&"ENTRADA",Movimientos!$R$2:$R$1993,0)),"-") -> 0 | F57: =IFERROR(INDEX(Movimientos!$G$2:$G$1993,MATCH(A57&"ENTRADA",Movimientos!$R$2:$R$1993,0)),"-") -> AYP Agrogestiones | G57: =IFERROR(INDEX(Movimientos!$L$2:$L$1993,MATCH(A57&"ENTRADA",Movimientos!$R$2:$R$1993,0)),"-") -> unidad | H57: =IFERROR(IF(INDEX(Movimientos!$M$2:$M$1993,MATCH(A57&"ENTRADA",Movimientos!$R$2:$R$1993,0))=0,"S/D",INDEX(Movimientos!$M$2:$M$1993,MATCH(A57&"ENTRADA",Movimientos!$R$2:$R$1993,0))),"S/D") -> S/D | I57: =IF(OR(A57="",H57="S/D"),"S/D",H57-TODAY()) -> S/D | J57: =IF(A57="","",SUMIFS(Movimientos!$K:$K,Movimientos!$H:$H,A57)) -> 0 | K57: =IF(A57="","",IF(J57<0.01,"SIN STOCK",IF(H57="S/D","OK",IF(H57<TODAY(),"VENCIDO",IF(I57>=180,"OK","PRÓXIMO A VENCER"))))) -> SIN STOCK
B58: =IFERROR(INDEX(Movimientos!$C$2:$C$1993,MATCH(A58&"ENTRADA",Movimientos!$R$2:$R$1993,0)),"-") -> - | C58: =IFERROR(INDEX(Movimientos!$D$2:$D$1993,MATCH(A58&"ENTRADA",Movimientos!$R$2:$R$1993,0)),"-") -> - | D58: =IFERROR(INDEX(Movimientos!$E$2:$E$1993,MATCH(A58&"ENTRADA",Movimientos!$R$2:$R$1993,0)),"-") -> - | E58: =IFERROR(INDEX(Movimientos!$F$2:$F$1993,MATCH(A58&"ENTRADA",Movimientos!$R$2:$R$1993,0)),"-") -> - | F58: =IFERROR(INDEX(Movimientos!$G$2:$G$1993,MATCH(A58&"ENTRADA",Movimientos!$R$2:$R$1993,0)),"-") -> - | G58: =IFERROR(INDEX(Movimientos!$L$2:$L$1993,MATCH(A58&"ENTRADA",Movimientos!$R$2:$R$1993,0)),"-") -> - | H58: =IFERROR(IF(INDEX(Movimientos!$M$2:$M$1993,MATCH(A58&"ENTRADA",Movimientos!$R$2:$R$1993,0))=0,"S/D",INDEX(Movimientos!$M$2:$M$1993,MATCH(A58&"ENTRADA",Movimientos!$R$2:$R$1993,0))),"S/D") -> S/D | I58: =IF(OR(A58="",H58="S/D"),"S/D",H58-TODAY()) -> S/D | J58: =IF(A58="","",SUMIFS(Movimientos!$K:$K,Movimientos!$H:$H,A58)) | K58: =IF(A58="","",IF(J58<0.01,"SIN STOCK",IF(H58="S/D","OK",IF(H58<TODAY(),"VENCIDO",IF(I58>=180,"OK","PRÓXIMO A VENCER")))))
A59: 260617-373 | B59: =IFERROR(INDEX(Movimientos!$C$2:$C$1993,MATCH(A59&"ENTRADA",Movimientos!$R$2:$R$1993,0)),"-") -> semilla maiz DK 69-62 TRE | C59: =IFERROR(INDEX(Movimientos!$D$2:$D$1993,MATCH(A59&"ENTRADA",Movimientos!$R$2:$R$1993,0)),"-") -> semilla comprada maíz | D59: =IFERROR(INDEX(Movimientos!$E$2:$E$1993,MATCH(A59&"ENTRADA",Movimientos!$R$2:$R$1993,0)),"-") -> Semilla | E59: =IFERROR(INDEX(Movimientos!$F$2:$F$1993,MATCH(A59&"ENTRADA",Movimientos!$R$2:$R$1993,0)),"-") -> Maíz | F59: =IFERROR(INDEX(Movimientos!$G$2:$G$1993,MATCH(A59&"ENTRADA",Movimientos!$R$2:$R$1993,0)),"-") -> Agroterra | G59: =IFERROR(INDEX(Movimientos!$L$2:$L$1993,MATCH(A59&"ENTRADA",Movimientos!$R$2:$R$1993,0)),"-") -> bolsa | H59: =IFERROR(IF(INDEX(Movimientos!$M$2:$M$1993,MATCH(A59&"ENTRADA",Movimientos!$R$2:$R$1993,0))=0,"S/D",INDEX(Movimientos!$M$2:$M$1993,MATCH(A59&"ENTRADA",Movimientos!$R$2:$R$1993,0))),"S/D") -> S/D | I59: =IF(OR(A59="",H59="S/D"),"S/D",H59-TODAY()) -> S/D | J59: =IF(A59="","",SUMIFS(Movimientos!$K:$K,Movimientos!$H:$H,A59)) -> 0 | K59: =IF(A59="","",IF(J59<0.01,"SIN STOCK",IF(H59="S/D","OK",IF(H59<TODAY(),"VENCIDO",IF(I59>=180,"OK","PRÓXIMO A VENCER"))))) -> SIN STOCK
A60: 260617-374 | B60: =IFERROR(INDEX(Movimientos!$C$2:$C$1993,MATCH(A60&"ENTRADA",Movimientos!$R$2:$R$1993,0)),"-") -> semilla maiz DK 72-10 RR2C5 refugio | C60: =IFERROR(INDEX(Movimientos!$D$2:$D$1993,MATCH(A60&"ENTRADA",Movimientos!$R$2:$R$1993,0)),"-") -> semilla comprada maíz | D60: =IFERROR(INDEX(Movimientos!$E$2:$E$1993,MATCH(A60&"ENTRADA",Movimientos!$R$2:$R$1993,0)),"-") -> Semilla | E60: =IFERROR(INDEX(Movimientos!$F$2:$F$1993,MATCH(A60&"ENTRADA",Movimientos!$R$2:$R$1993,0)),"-") -> Maíz | F60: =IFERROR(INDEX(Movimientos!$G$2:$G$1993,MATCH(A60&"ENTRADA",Movimientos!$R$2:$R$1993,0)),"-") -> Agroterra | G60: =IFERROR(INDEX(Movimientos!$L$2:$L$1993,MATCH(A60&"ENTRADA",Movimientos!$R$2:$R$1993,0)),"-") -> bolsa | H60: =IFERROR(IF(INDEX(Movimientos!$M$2:$M$1993,MATCH(A60&"ENTRADA",Movimientos!$R$2:$R$1993,0))=0,"S/D",INDEX(Movimientos!$M$2:$M$1993,MATCH(A60&"ENTRADA",Movimientos!$R$2:$R$1993,0))),"S/D") -> S/D | I60: =IF(OR(A60="",H60="S/D"),"S/D",H60-TODAY()) -> S/D | J60: =IF(A60="","",SUMIFS(Movimientos!$K:$K,Movimientos!$H:$H,A60)) -> 5 | K60: =IF(A60="","",IF(J60<0.01,"SIN STOCK",IF(H60="S/D","OK",IF(H60<TODAY(),"VENCIDO",IF(I60>=180,"OK","PRÓXIMO A VENCER"))))) -> OK
A61: 260617-375 | B61: =IFERROR(INDEX(Movimientos!$C$2:$C$1993,MATCH(A61&"ENTRADA",Movimientos!$R$2:$R$1993,0)),"-") -> semilla maiz DK 73-03 TRE | C61: =IFERROR(INDEX(Movimientos!$D$2:$D$1993,MATCH(A61&"ENTRADA",Movimientos!$R$2:$R$1993,0)),"-") -> semilla comprada maíz | D61: =IFERROR(INDEX(Movimientos!$E$2:$E$1993,MATCH(A61&"ENTRADA",Movimientos!$R$2:$R$1993,0)),"-") -> Semilla | E61: =IFERROR(INDEX(Movimientos!$F$2:$F$1993,MATCH(A61&"ENTRADA",Movimientos!$R$2:$R$1993,0)),"-") -> Maíz | F61: =IFERROR(INDEX(Movimientos!$G$2:$G$1993,MATCH(A61&"ENTRADA",Movimientos!$R$2:$R$1993,0)),"-") -> Agroterra | G61: =IFERROR(INDEX(Movimientos!$L$2:$L$1993,MATCH(A61&"ENTRADA",Movimientos!$R$2:$R$1993,0)),"-") -> bolsa | H61: =IFERROR(IF(INDEX(Movimientos!$M$2:$M$1993,MATCH(A61&"ENTRADA",Movimientos!$R$2:$R$1993,0))=0,"S/D",INDEX(Movimientos!$M$2:$M$1993,MATCH(A61&"ENTRADA",Movimientos!$R$2:$R$1993,0))),"S/D") -> S/D | I61: =IF(OR(A61="",H61="S/D"),"S/D",H61-TODAY()) -> S/D | J61: =IF(A61="","",SUMIFS(Movimientos!$K:$K,Movimientos!$H:$H,A61)) -> 380 | K61: =IF(A61="","",IF(J61<0.01,"SIN STOCK",IF(H61="S/D","OK",IF(H61<TODAY(),"VENCIDO",IF(I61>=180,"OK","PRÓXIMO A VENCER"))))) -> OK
A62: 260702-328 | B62: =IFERROR(INDEX(Movimientos!$C$2:$C$1993,MATCH(A62&"ENTRADA",Movimientos!$R$2:$R$1993,0)),"-") -> Acrecio | C62: =IFERROR(INDEX(Movimientos!$D$2:$D$1993,MATCH(A62&"ENTRADA",Movimientos!$R$2:$R$1993,0)),"-") -> Ácidos Húmicos / L-Triptofano puro / L- Metionina pura / Acreciactiv | D62: =IFERROR(INDEX(Movimientos!$E$2:$E$1993,MATCH(A62&"ENTRADA",Movimientos!$R$2:$R$1993,0)),"-") -> Bioestimulante | E62: =IFERROR(INDEX(Movimientos!$F$2:$F$1993,MATCH(A62&"ENTRADA",Movimientos!$R$2:$R$1993,0)),"-") -> 0 | F62: =IFERROR(INDEX(Movimientos!$G$2:$G$1993,MATCH(A62&"ENTRADA",Movimientos!$R$2:$R$1993,0)),"-") -> Agroterra | G62: =IFERROR(INDEX(Movimientos!$L$2:$L$1993,MATCH(A62&"ENTRADA",Movimientos!$R$2:$R$1993,0)),"-") -> L | H62: =IFERROR(IF(INDEX(Movimientos!$M$2:$M$1993,MATCH(A62&"ENTRADA",Movimientos!$R$2:$R$1993,0))=0,"S/D",INDEX(Movimientos!$M$2:$M$1993,MATCH(A62&"ENTRADA",Movimientos!$R$2:$R$1993,0))),"S/D") -> 47119 | I62: =IF(OR(A62="",H62="S/D"),"S/D",H62-TODAY()) -> 810 | J62: =IF(A62="","",SUMIFS(Movimientos!$K:$K,Movimientos!$H:$H,A62)) -> 0 | K62: =IF(A62="","",IF(J62<0.01,"SIN STOCK",IF(H62="S/D","OK",IF(H62<TODAY(),"VENCIDO",IF(I62>=180,"OK","PRÓXIMO A VENCER"))))) -> SIN STOCK
A63: 260702-329 | B63: =IFERROR(INDEX(Movimientos!$C$2:$C$1993,MATCH(A63&"ENTRADA",Movimientos!$R$2:$R$1993,0)),"-") -> Bioavanza plus | C63: =IFERROR(INDEX(Movimientos!$D$2:$D$1993,MATCH(A63&"ENTRADA",Movimientos!$R$2:$R$1993,0)),"-") -> 0 | D63: =IFERROR(INDEX(Movimientos!$E$2:$E$1993,MATCH(A63&"ENTRADA",Movimientos!$R$2:$R$1993,0)),"-") -> 0 | E63: =IFERROR(INDEX(Movimientos!$F$2:$F$1993,MATCH(A63&"ENTRADA",Movimientos!$R$2:$R$1993,0)),"-") -> 0 | F63: =IFERROR(INDEX(Movimientos!$G$2:$G$1993,MATCH(A63&"ENTRADA",Movimientos!$R$2:$R$1993,0)),"-") -> Agroterra | G63: =IFERROR(INDEX(Movimientos!$L$2:$L$1993,MATCH(A63&"ENTRADA",Movimientos!$R$2:$R$1993,0)),"-") -> L | H63: =IFERROR(IF(INDEX(Movimientos!$M$2:$M$1993,MATCH(A63&"ENTRADA",Movimientos!$R$2:$R$1993,0))=0,"S/D",INDEX(Movimientos!$M$2:$M$1993,MATCH(A63&"ENTRADA",Movimientos!$R$2:$R$1993,0))),"S/D") -> 47146 | I63: =IF(OR(A63="",H63="S/D"),"S/D",H63-TODAY()) -> 837 | J63: =IF(A63="","",SUMIFS(Movimientos!$K:$K,Movimientos!$H:$H,A63)) -> 0 | K63: =IF(A63="","",IF(J63<0.01,"SIN STOCK",IF(H63="S/D","OK",IF(H63<TODAY(),"VENCIDO",IF(I63>=180,"OK","PRÓXIMO A VENCER"))))) -> SIN STOCK
A64: 260727-380 | B64: =IFERROR(INDEX(Movimientos!$C$2:$C$1993,MATCH(A64&"ENTRADA",Movimientos!$R$2:$R$1993,0)),"-") -> Pardo | C64: =IFERROR(INDEX(Movimientos!$D$2:$D$1993,MATCH(A64&"ENTRADA",Movimientos!$R$2:$R$1993,0)),"-") -> Clethodim 240 g/L | D64: =IFERROR(INDEX(Movimientos!$E$2:$E$1993,MATCH(A64&"ENTRADA",Movimientos!$R$2:$R$1993,0)),"-") -> Herbicida | E64: =IFERROR(INDEX(Movimientos!$F$2:$F$1993,MATCH(A64&"ENTRADA",Movimientos!$R$2:$R$1993,0)),"-") -> Postemergente | F64: =IFERROR(INDEX(Movimientos!$G$2:$G$1993,MATCH(A64&"ENTRADA",Movimientos!$R$2:$R$1993,0)),"-") -> Proquimur | G64: =IFERROR(INDEX(Movimientos!$L$2:$L$1993,MATCH(A64&"ENTRADA",Movimientos!$R$2:$R$1993,0)),"-") -> L | H64: =IFERROR(IF(INDEX(Movimientos!$M$2:$M$1993,MATCH(A64&"ENTRADA",Movimientos!$R$2:$R$1993,0))=0,"S/D",INDEX(Movimientos!$M$2:$M$1993,MATCH(A64&"ENTRADA",Movimientos!$R$2:$R$1993,0))),"S/D") -> 46813 | I64: =IF(OR(A64="",H64="S/D"),"S/D",H64-TODAY()) -> 504 | J64: =IF(A64="","",SUMIFS(Movimientos!$K:$K,Movimientos!$H:$H,A64)) -> 1320 | K64: =IF(A64="","",IF(J64<0.01,"SIN STOCK",IF(H64="S/D","OK",IF(H64<TODAY(),"VENCIDO",IF(I64>=180,"OK","PRÓXIMO A VENCER"))))) -> OK
A65: 260727-381 | B65: =IFERROR(INDEX(Movimientos!$C$2:$C$1993,MATCH(A65&"ENTRADA",Movimientos!$R$2:$R$1993,0)),"-") -> Azuka | C65: =IFERROR(INDEX(Movimientos!$D$2:$D$1993,MATCH(A65&"ENTRADA",Movimientos!$R$2:$R$1993,0)),"-") -> Glifosato Sal DMA 608 g/L. Equivalente en glifosato 480 g/L | D65: =IFERROR(INDEX(Movimientos!$E$2:$E$1993,MATCH(A65&"ENTRADA",Movimientos!$R$2:$R$1993,0)),"-") -> Herbicida | E65: =IFERROR(INDEX(Movimientos!$F$2:$F$1993,MATCH(A65&"ENTRADA",Movimientos!$R$2:$R$1993,0)),"-") -> Postemergente | F65: =IFERROR(INDEX(Movimientos!$G$2:$G$1993,MATCH(A65&"ENTRADA",Movimientos!$R$2:$R$1993,0)),"-") -> Proquimur | G65: =IFERROR(INDEX(Movimientos!$L$2:$L$1993,MATCH(A65&"ENTRADA",Movimientos!$R$2:$R$1993,0)),"-") -> L | H65: =IFERROR(IF(INDEX(Movimientos!$M$2:$M$1993,MATCH(A65&"ENTRADA",Movimientos!$R$2:$R$1993,0))=0,"S/D",INDEX(Movimientos!$M$2:$M$1993,MATCH(A65&"ENTRADA",Movimientos!$R$2:$R$1993,0))),"S/D") -> 46863 | I65: =IF(OR(A65="",H65="S/D"),"S/D",H65-TODAY()) -> 554 | J65: =IF(A65="","",SUMIFS(Movimientos!$K:$K,Movimientos!$H:$H,A65)) -> -1620 | K65: =IF(A65="","",IF(J65<0.01,"SIN STOCK",IF(H65="S/D","OK",IF(H65<TODAY(),"VENCIDO",IF(I65>=180,"OK","PRÓXIMO A VENCER"))))) -> SIN STOCK
A66: 260729-393 | B66: =IFERROR(INDEX(Movimientos!$C$2:$C$1993,MATCH(A66&"ENTRADA",Movimientos!$R$2:$R$1993,0)),"-") -> Harrier Drone | C66: =IFERROR(INDEX(Movimientos!$D$2:$D$1993,MATCH(A66&"ENTRADA",Movimientos!$R$2:$R$1993,0)),"-") -> alcohol láurico etixolado 32.7 % | D66: =IFERROR(INDEX(Movimientos!$E$2:$E$1993,MATCH(A66&"ENTRADA",Movimientos!$R$2:$R$1993,0)),"-") -> Coadyuvante | E66: =IFERROR(INDEX(Movimientos!$F$2:$F$1993,MATCH(A66&"ENTRADA",Movimientos!$R$2:$R$1993,0)),"-") -> 0 | F66: =IFERROR(INDEX(Movimientos!$G$2:$G$1993,MATCH(A66&"ENTRADA",Movimientos!$R$2:$R$1993,0)),"-") -> Don asdrual | G66: =IFERROR(INDEX(Movimientos!$L$2:$L$1993,MATCH(A66&"ENTRADA",Movimientos!$R$2:$R$1993,0)),"-") -> L | H66: =IFERROR(IF(INDEX(Movimientos!$M$2:$M$1993,MATCH(A66&"ENTRADA",Movimientos!$R$2:$R$1993,0))=0,"S/D",INDEX(Movimientos!$M$2:$M$1993,MATCH(A66&"ENTRADA",Movimientos!$R$2:$R$1993,0))),"S/D") -> S/D | I66: =IF(OR(A66="",H66="S/D"),"S/D",H66-TODAY()) -> S/D | J66: =IF(A66="","",SUMIFS(Movimientos!$K:$K,Movimientos!$H:$H,A66)) -> 525 | K66: =IF(A66="","",IF(J66<0.01,"SIN STOCK",IF(H66="S/D","OK",IF(H66<TODAY(),"VENCIDO",IF(I66>=180,"OK","PRÓXIMO A VENCER"))))) -> OK
A67: 260730-396 | B67: =IFERROR(INDEX(Movimientos!$C$2:$C$1993,MATCH(A67&"ENTRADA",Movimientos!$R$2:$R$1993,0)),"-") -> Unico Max | C67: =IFERROR(INDEX(Movimientos!$D$2:$D$1993,MATCH(A67&"ENTRADA",Movimientos!$R$2:$R$1993,0)),"-") -> (Protioconazol 175 g/L + Piraclostrobin 142 g/L + Bixafen 125 g/L – SC) | D67: =IFERROR(INDEX(Movimientos!$E$2:$E$1993,MATCH(A67&"ENTRADA",Movimientos!$R$2:$R$1993,0)),"-") -> Fungicida | E67: =IFERROR(INDEX(Movimientos!$F$2:$F$1993,MATCH(A67&"ENTRADA",Movimientos!$R$2:$R$1993,0)),"-") -> 0 | F67: =IFERROR(INDEX(Movimientos!$G$2:$G$1993,MATCH(A67&"ENTRADA",Movimientos!$R$2:$R$1993,0)),"-") -> Proquimur | G67: =IFERROR(INDEX(Movimientos!$L$2:$L$1993,MATCH(A67&"ENTRADA",Movimientos!$R$2:$R$1993,0)),"-") -> L | H67: =IFERROR(IF(INDEX(Movimientos!$M$2:$M$1993,MATCH(A67&"ENTRADA",Movimientos!$R$2:$R$1993,0))=0,"S/D",INDEX(Movimientos!$M$2:$M$1993,MATCH(A67&"ENTRADA",Movimientos!$R$2:$R$1993,0))),"S/D") -> S/D | I67: =IF(OR(A67="",H67="S/D"),"S/D",H67-TODAY()) -> S/D | J67: =IF(A67="","",SUMIFS(Movimientos!$K:$K,Movimientos!$H:$H,A67)) -> 510 | K67: =IF(A67="","",IF(J67<0.01,"SIN STOCK",IF(H67="S/D","OK",IF(H67<TODAY(),"VENCIDO",IF(I67>=180,"OK","PRÓXIMO A VENCER"))))) -> OK
A68: 260730-399 | B68: =IFERROR(INDEX(Movimientos!$C$2:$C$1993,MATCH(A68&"ENTRADA",Movimientos!$R$2:$R$1993,0)),"-") -> Hydra Hume | C68: =IFERROR(INDEX(Movimientos!$D$2:$D$1993,MATCH(A68&"ENTRADA",Movimientos!$R$2:$R$1993,0)),"-") -> Hydra hume | D68: =IFERROR(INDEX(Movimientos!$E$2:$E$1993,MATCH(A68&"ENTRADA",Movimientos!$R$2:$R$1993,0)),"-") -> Biológico | E68: =IFERROR(INDEX(Movimientos!$F$2:$F$1993,MATCH(A68&"ENTRADA",Movimientos!$R$2:$R$1993,0)),"-") -> Acidos Humicos | F68: =IFERROR(INDEX(Movimientos!$G$2:$G$1993,MATCH(A68&"ENTRADA",Movimientos!$R$2:$R$1993,0)),"-") -> Granicor | G68: =IFERROR(INDEX(Movimientos!$L$2:$L$1993,MATCH(A68&"ENTRADA",Movimientos!$R$2:$R$1993,0)),"-") -> L | H68: =IFERROR(IF(INDEX(Movimientos!$M$2:$M$1993,MATCH(A68&"ENTRADA",Movimientos!$R$2:$R$1993,0))=0,"S/D",INDEX(Movimientos!$M$2:$M$1993,MATCH(A68&"ENTRADA",Movimientos!$R$2:$R$1993,0))),"S/D") -> S/D | I68: =IF(OR(A68="",H68="S/D"),"S/D",H68-TODAY()) -> S/D | J68: =IF(A68="","",SUMIFS(Movimientos!$K:$K,Movimientos!$H:$H,A68)) -> 21480 | K68: =IF(A68="","",IF(J68<0.01,"SIN STOCK",IF(H68="S/D","OK",IF(H68<TODAY(),"VENCIDO",IF(I68>=180,"OK","PRÓXIMO A VENCER"))))) -> OK
A69: 260821-480 | B69: =IFERROR(INDEX(Movimientos!$C$2:$C$1993,MATCH(A69&"ENTRADA",Movimientos!$R$2:$R$1993,0)),"-") -> semilla comprada maiz illinois 2773 | C69: =IFERROR(INDEX(Movimientos!$D$2:$D$1993,MATCH(A69&"ENTRADA",Movimientos!$R$2:$R$1993,0)),"-") -> sem maiz illinois 2773 trecepta Maiz 1era | D69: =IFERROR(INDEX(Movimientos!$E$2:$E$1993,MATCH(A69&"ENTRADA",Movimientos!$R$2:$R$1993,0)),"-") -> Semilla | E69: =IFERROR(INDEX(Movimientos!$F$2:$F$1993,MATCH(A69&"ENTRADA",Movimientos!$R$2:$R$1993,0)),"-") -> Maíz | F69: =IFERROR(INDEX(Movimientos!$G$2:$G$1993,MATCH(A69&"ENTRADA",Movimientos!$R$2:$R$1993,0)),"-") -> ERRO | G69: =IFERROR(INDEX(Movimientos!$L$2:$L$1993,MATCH(A69&"ENTRADA",Movimientos!$R$2:$R$1993,0)),"-") -> bolsa | H69: =IFERROR(IF(INDEX(Movimientos!$M$2:$M$1993,MATCH(A69&"ENTRADA",Movimientos!$R$2:$R$1993,0))=0,"S/D",INDEX(Movimientos!$M$2:$M$1993,MATCH(A69&"ENTRADA",Movimientos!$R$2:$R$1993,0))),"S/D") -> S/D | I69: =IF(OR(A69="",H69="S/D"),"S/D",H69-TODAY()) -> S/D | J69: =IF(A69="","",SUMIFS(Movimientos!$K:$K,Movimientos!$H:$H,A69)) -> 0 | K69: =IF(A69="","",IF(J69<0.01,"SIN STOCK",IF(H69="S/D","OK",IF(H69<TODAY(),"VENCIDO",IF(I69>=180,"OK","PRÓXIMO A VENCER"))))) -> SIN STOCK
A70: 260821-481 | B70: =IFERROR(INDEX(Movimientos!$C$2:$C$1993,MATCH(A70&"ENTRADA",Movimientos!$R$2:$R$1993,0)),"-") -> semilla comprada maiz illinois 7.24 | C70: =IFERROR(INDEX(Movimientos!$D$2:$D$1993,MATCH(A70&"ENTRADA",Movimientos!$R$2:$R$1993,0)),"-") -> sem maiz illinois 7.24 trecepta Maiz 1era | D70: =IFERROR(INDEX(Movimientos!$E$2:$E$1993,MATCH(A70&"ENTRADA",Movimientos!$R$2:$R$1993,0)),"-") -> Semilla | E70: =IFERROR(INDEX(Movimientos!$F$2:$F$1993,MATCH(A70&"ENTRADA",Movimientos!$R$2:$R$1993,0)),"-") -> Maíz | F70: =IFERROR(INDEX(Movimientos!$G$2:$G$1993,MATCH(A70&"ENTRADA",Movimientos!$R$2:$R$1993,0)),"-") -> ERRO | G70: =IFERROR(INDEX(Movimientos!$L$2:$L$1993,MATCH(A70&"ENTRADA",Movimientos!$R$2:$R$1993,0)),"-") -> bolsa | H70: =IFERROR(IF(INDEX(Movimientos!$M$2:$M$1993,MATCH(A70&"ENTRADA",Movimientos!$R$2:$R$1993,0))=0,"S/D",INDEX(Movimientos!$M$2:$M$1993,MATCH(A70&"ENTRADA",Movimientos!$R$2:$R$1993,0))),"S/D") -> S/D | I70: =IF(OR(A70="",H70="S/D"),"S/D",H70-TODAY()) -> S/D | J70: =IF(A70="","",SUMIFS(Movimientos!$K:$K,Movimientos!$H:$H,A70)) -> 0 | K70: =IF(A70="","",IF(J70<0.01,"SIN STOCK",IF(H70="S/D","OK",IF(H70<TODAY(),"VENCIDO",IF(I70>=180,"OK","PRÓXIMO A VENCER"))))) -> SIN STOCK
... A996: LOT-1000 | B996: =IFERROR(INDEX(Movimientos!$C$2:$C$1993,MATCH(A996&"ENTRADA",Movimientos!$R$2:$R$1993,0)),"-") -> - | C996: =IFERROR(INDEX(Movimientos!$D$2:$D$1993,MATCH(A996&"ENTRADA",Movimientos!$R$2:$R$1993,0)),"-") -> - | D996: =IFERROR(INDEX(Movimientos!$E$2:$E$1993,MATCH(A996&"ENTRADA",Movimientos!$R$2:$R$1993,0)),"-") -> - | E996: =IFERROR(INDEX(Movimientos!$F$2:$F$1993,MATCH(A996&"ENTRADA",Movimientos!$R$2:$R$1993,0)),"-") -> - | F996: =IFERROR(INDEX(Movimientos!$G$2:$G$1993,MATCH(A996&"ENTRADA",Movimientos!$R$2:$R$1993,0)),"-") -> - | G996: =IFERROR(INDEX(Movimientos!$L$2:$L$1993,MATCH(A996&"ENTRADA",Movimientos!$R$2:$R$1993,0)),"-") -> - | H996: =IFERROR(IF(INDEX(Movimientos!$M$2:$M$1993,MATCH(A996&"ENTRADA",Movimientos!$R$2:$R$1993,0))=0,"S/D",INDEX(Movimientos!$M$2:$M$1993,MATCH(A996&"ENTRADA",Movimientos!$R$2:$R$1993,0))),"S/D") -> S/D | I996: =IF(OR(A996="",H996="S/D"),"S/D",H996-TODAY()) -> S/D | J996: =IF(A996="","",SUMIFS(Movimientos!$K:$K,Movimientos!$H:$H,A996)) -> 0 | K996: =IF(A996="","",IF(J996<0.01,"SIN STOCK",IF(H996="S/D","OK",IF(H996<TODAY(),"VENCIDO",IF(I996>=180,"OK","PRÓXIMO A VENCER"))))) -> SIN STOCK
K997: =IF(A997="","",IF(J997<0.01,"SIN STOCK",IF(H997="S/D","OK",IF(H997<TODAY(),"VENCIDO",IF(I997>=180,"OK","PRÓXIMO A VENCER")))))
K998: =IF(A998="","",IF(J998<0.01,"SIN STOCK",IF(H998="S/D","OK",IF(H998<TODAY(),"VENCIDO",IF(I998>=180,"OK","PRÓXIMO A VENCER")))))
K999: =IF(A999="","",IF(J999<0.01,"SIN STOCK",IF(H999="S/D","OK",IF(H999<TODAY(),"VENCIDO",IF(I999>=180,"OK","PRÓXIMO A VENCER")))))
K1000: =IF(A1000="","",IF(J1000<0.01,"SIN STOCK",IF(H1000="S/D","OK",IF(H1000<TODAY(),"VENCIDO",IF(I1000>=180,"OK","PRÓXIMO A VENCER")))))
K1001: =IF(A1001="","",IF(J1001<0.01,"SIN STOCK",IF(H1001="S/D","OK",IF(H1001<TODAY(),"VENCIDO",IF(I1001>=180,"OK","PRÓXIMO A VENCER")))))
K1002: =IF(A1002="","",IF(J1002<0.01,"SIN STOCK",IF(H1002="S/D","OK",IF(H1002<TODAY(),"VENCIDO",IF(I1002>=180,"OK","PRÓXIMO A VENCER")))))
K1003: =IF(A1003="","",IF(J1003<0.01,"SIN STOCK",IF(H1003="S/D","OK",IF(H1003<TODAY(),"VENCIDO",IF(I1003>=180,"OK","PRÓXIMO A VENCER")))))

Sheet Listas
A1: Producto | B1: Principio Activo/variedad | C1: Tipo | D1: Subtipo | E1: Proveedor | F1: Tipo_Movimiento | G1: Unidad | H1: Destino / Origen
A2: Colza Curry CL | B2: CURRY CL | C2: Insecticida | D2: Lagarticida | E2: GS Agro | F2: ENTRADA | G2: L | H2: Ruta 20 Bch
A3: Korvetto | B3: Clopyralid 12% + Halauxyfen methyl 0.51% | C3: Fungicida | D3: Secante | E3: AYP Agrogestiones | F3: SALIDA | G3: kg | H3: Lit. Norte
A4: Lontrel | B4: Clopyralid sal monoetanolamina 40.9% | C4: Herbicida | D4: Triazol | E4: Agromil | G4: g | H4: Salto
A5: Preside | B5: Flumetsulam 11.35% | C5: Semilla | D5: Estrobilurina | E5: ERRO | G5: ml | H5: Lit. Norte Sta Raf
A6: Tordon 24K | B6: Picloram 24.9% | C6: Fertilizante | D6: Preemergente | E6: Granicor | G6: unidad | H6: Tacuarembó
A7: Tronador | B7: Halauxifen metil 3.3% + Aminopyralid 2.7% + Metsulfuron metil 20% | C7: Biológico | D7: Postemergente | E7: Proquimur | G7: bolsa | H7: Ruta 20 Don V
A8: Venceweed extra | B8: 2,4-Db-Butilo 93.1% | C8: Coadyuvante | D8: Graminicida | E8: Don asdrual | G8: Pack | H8: Durazno Juncal
A9: Dedalo elite | B9: 2,4 D Acido 27.2% | C9: Silobolsa | D9: Inoculante | E9: Agroterra | G9: Bolson | H9: Durazno Trebol
A10: Silobolsa | B10: Silobolsa 9 pies | C10: Bioestimulante | D10: Trigo | E10: Megaagro | H10: Durazno Rincon
A11: Raigrás E284 | B11: Estanzuela 284 | D11: Cebada | E11: Agrofuturo | H11: Lit. Norte Malacara
A12: Starane Xtra | B12: Fluroxypyr Meptil 45,52% | D12: Colza | E12: Cargil | H12: Lit. Norte San Luis
A13: Pixxaro | B13: Fluroxypyr meptyl 34,91% + Halauxyfen methyl 1.64% + Cloquintocet mexyl 1.57% | D13: Carinata | E13: Gentos | H13: Santa graciana
A14: Colza Apolo CL | B14: APOLO CL | D14: Maíz | E14: Agroenfoque | H14: Perdida
A15: Colza Hyola 575 CL | B15: HYOLA 575 CL | D15: Soja | E15: Irmacor
A16: Azuka | B16: Glifosato Sal DMA 608 g/L. Equivalente en glifosato 480 g/L | D16: Girasol | E16: Biosfer
A17: Pardo | B17: Clethodim 240 g/L | D17: Raigrás | E17: Dapama
A18: Harrier | B18: ALCOHOL LINEAL ETOXILADO 32.7% | D18: Avena | E18: Maccio
A19: Full control | B19: ACIDO FOSFORICO 23 g | D19: Festuca | E19: saudu
A20: Maxi Drop | B20: ACEITE DE SOJA 48 g | D20: Alfalfa
A21: Axial | B21: PINOXADEN 5 GR + CLOQUINTOCET-MEXIL 1.25 GR | D21: Achicoria
A22: Colza Nuola 300 | B22: Nuola 300 | D22: Dactylis
A23: Colza Ceres IMI | B23: Ceres IMI | D23: Trebol Blanco
A24: Festuca Carape | B24: Festuca Carape | D24: Trebol Rojo
A25: Alfalfa Verdor | B25: Alfalfa Verdor momla 384-2n-04 | D25: Phalaris
A26: Achicora Inia Nova | B26: Achicora inia nova | D26: Lotus
A27: Festuca Sortija C2 | B27: Festuca Sortija C2 | D27: Acidos Humicos
A28: Dactylis Drover | B28: Dactylis Drover ecotec af gram c2 | D28: tipa
A29: Trebol Blanco E Zapican | B29: Trebol Blanco E Zapican Ecotec AF | D29: aromo
A30: Trebol Rojo E116 | B30: Trebol Rojo E116 Ecotec AF | D30: Sorgo
A31: Phalaris Stockman Comb | B31: Phalaris Stockman Comb
A32: Colza continuum Cl | B32: Continuum CL
A33: Colza Hyola Solstice cl | B33: Colza Hyola Solstice cl
A34: Avena | B34: Avena propia
A35: Arsenal | B35: Imazapir sal isopropilamina 24,2%
A36: Dash HC | B36: Esteres metílicos de aceite vegetal 42,5%
A37: Lotus Nilo ht | B37: Lotus Nilo Ht Gen Protect Plus
A38: Dactylis inia perseo | B38: Dactylis inia perseo cert +ins
A39: Alfalfa Latte 920 | B39: Alfalfa latte 920 gen protect plus
A40: Colza 45y95cl | B40: Colza 45y95cl
A41: Hydra Hume | B41: Hydra hume
A42: Festuca elodie curada | B42: festuca elodie
... A78: Sauquat super | B78: Haloxifop-P-metil | 540g/L
A79: Sorgo forrajero
A80: Semar
A81: irvix full

Sheet Instructivo
A1: INSTRUCTIVO DE USO
B2: NOTA v13: Stock_por_Lote y Resumen_Producto muestran valores calculados al momento de generar el archivo. Para actualizar en tiempo real, escribir las fórmulas manualmente según la hoja 'Fórmulas_para_copiar'.
A3: MOVIMIENTOS
A4: 1. Ingreso / Salida | B4: Completar una fila por evento. Elegir ENTRADA o SALIDA en col I (Tipo_Mov). La fila cambia de color automáticamente: celeste = entrada, rojo = salida.
A5: 2. Cantidad | B5: Ingresar siempre positivo en col J. La col K (Cantidad Neta) aplica el signo automáticamente según Tipo_Mov. El stock se calcula sobre col K.
A6: 3. ID_Lote | B6: Único por partida. Sugerencia: LOT-NNN. Dos partidas del mismo producto con distinto vencimiento = dos ID_Lote distintos.
A8: STOCK_POR_LOTE
A9: Autocompletado | B9: Escribir el ID_Lote en col A. Las columnas azules (B a H) se completan automáticamente buscando la primera ENTRADA de ese lote en Movimientos. No editar esas celdas.
A10: Filas precargas | B10: Hay 50 filas vacías con fórmulas listas. Solo escribir el ID_Lote en col A.
A11: Alarma amarilla | B11: Vence en menos de 6 meses (180 días).
A12: Alarma roja | B12: Vence en menos de 30 días o sin stock.
A13: Rojo oscuro | B13: VENCIDO: la fecha de vencimiento ya pasó.
A15: LISTAS DESPLEGABLES
A16: Cómo agregar opciones | B16: Ir a hoja 'Listas' y agregar el valor en la columna correspondiente. El desplegable lo toma automáticamente en todas las pestañas.
A18: REGLAS
A19: FIFO | B19: Consumir siempre el lote con fecha de vencimiento más próxima.
A20: No borrar filas | B20: Si hay error, registrar fila de ajuste. Nunca eliminar entradas previas.
A21: Finnegans | B21: Cols P y Q de Movimientos: referencia y fecha del documento en el ERP.
